EmployeeSkillKey,EmployeeKey,SkillKey,ProficiencyLevel,ProficiencyCategory,IsPrimarySkill,IsCertified,CertificationName,EffectiveDate,ExpirationDate
1,1,1,4,Advanced,1,1,Mock Software Certification,2024-10-01,2027-02-01
2,2,1,4,Advanced,1,1,Mock Software Certification,2021-06-16,2023-10-16
3,3,1,4,Advanced,1,1,Mock Software Certification,2022-07-03,2024-09-03
4,4,1,5,Expert,1,1,Mock Software Certification,2022-06-20,2025-06-20
5,5,1,4,Advanced,1,0,,2021-06-22,
6,6,1,4,Advanced,1,1,Mock Software Certification,2025-06-21,2027-06-21
7,6,6,2,Intermediate,0,0,,2026-01-06,
8,7,1,4,Advanced,1,0,,2023-05-23,
9,7,7,2,Intermediate,0,0,,2023-11-06,
10,8,1,4,Advanced,1,0,,2022-12-08,
11,9,1,5,Expert,1,1,Mock Software Certification,2022-02-03,2024-06-03
12,9,6,1,Foundational,0,0,,2022-05-18,
13,10,1,4,Advanced,1,1,Mock Software Certification,2021-01-04,2023-10-04
14,11,1,5,Expert,1,0,,2023-02-14,
15,12,1,5,Expert,1,0,,2022-08-08,
16,12,2,2,Intermediate,0,0,,2023-04-04,
17,13,1,4,Advanced,1,0,,2022-12-10,
18,13,7,1,Foundational,0,0,,2023-04-22,
19,14,1,3,Advanced,1,0,,2024-01-11,
20,15,1,4,Advanced,1,1,Mock Software Certification,2024-02-20,2026-05-20
21,16,1,4,Advanced,1,0,,2025-01-23,
22,16,2,3,Advanced,0,0,,2025-07-13,
23,17,1,3,Advanced,1,0,,2021-03-21,
24,17,2,2,Intermediate,0,0,,2021-11-09,
25,18,1,5,Expert,1,0,,2021-11-04,
26,19,1,5,Expert,1,0,,2023-12-03,
27,19,7,2,Intermediate,0,0,,2024-05-11,
28,20,1,3,Advanced,1,0,,2024-11-10,
29,21,1,4,Advanced,1,0,,2025-02-20,
30,21,7,2,Intermediate,0,0,,2025-06-06,
31,22,1,3,Advanced,1,0,,2021-12-09,
32,22,2,2,Intermediate,0,0,,2022-04-23,
33,23,1,5,Expert,1,0,,2024-04-23,
34,23,6,2,Intermediate,0,0,,2024-10-23,
35,24,1,5,Expert,1,1,Mock Software Certification,2024-10-17,2027-07-17
36,24,2,2,Intermediate,0,0,,2025-05-06,
37,24,7,3,Advanced,0,0,,2025-04-03,
38,25,1,4,Advanced,1,1,Mock Software Certification,2025-03-20,2028-01-20
39,25,6,2,Intermediate,0,0,,2025-06-23,
40,25,2,1,Foundational,0,0,,2025-08-24,
41,26,2,3,Advanced,1,0,,2024-01-08,
42,26,1,2,Intermediate,0,0,,2024-09-03,
43,27,2,5,Expert,1,0,,2023-06-17,
44,27,1,2,Intermediate,0,0,,2023-11-08,
45,28,2,5,Expert,1,1,Mock Data Certification,2022-05-25,2025-04-25
46,28,6,2,Intermediate,0,0,,2023-01-02,
47,29,2,3,Advanced,1,0,,2022-06-21,
48,30,2,3,Advanced,1,0,,2024-04-07,
49,30,6,3,Advanced,0,0,,2024-07-23,
50,31,2,4,Advanced,1,1,Mock Data Certification,2024-10-01,2027-03-01
51,31,1,2,Intermediate,0,0,,2025-02-25,
52,32,2,3,Advanced,1,0,,2022-10-04,
53,32,6,3,Advanced,0,0,,2023-04-10,
54,33,2,4,Advanced,1,0,,2022-10-05,
55,34,2,4,Advanced,1,1,Mock Data Certification,2021-12-13,2024-08-13
56,35,2,4,Advanced,1,0,,2024-11-18,
57,35,6,2,Intermediate,0,0,,2025-05-03,
58,36,2,4,Advanced,1,1,Mock Data Certification,2024-12-23,2027-05-23
59,36,1,2,Intermediate,0,0,,2025-04-08,
60,37,2,5,Expert,1,1,Mock Data Certification,2024-10-17,2026-10-17
61,38,3,3,Advanced,1,0,,2021-02-19,
62,38,5,2,Intermediate,0,0,,2021-08-21,
63,39,3,5,Expert,1,0,,2021-04-13,
64,40,3,3,Advanced,1,0,,2021-06-20,
65,41,3,3,Advanced,1,0,,2023-07-20,
66,41,4,2,Intermediate,0,0,,2023-12-18,
67,42,3,4,Advanced,1,1,Mock Systems Certification,2021-07-18,2023-10-18
68,43,3,4,Advanced,1,0,,2021-08-18,
69,44,3,3,Advanced,1,0,,2021-12-18,
70,44,4,2,Intermediate,0,0,,2022-05-08,
71,45,3,4,Advanced,1,1,Mock Systems Certification,2021-09-19,2023-12-19
72,45,1,2,Intermediate,0,0,,2022-01-26,
73,46,3,4,Advanced,1,1,Mock Systems Certification,2023-08-25,2026-08-25
74,46,1,2,Intermediate,0,0,,2024-01-23,
75,47,3,3,Advanced,1,0,,2025-01-09,
76,47,5,3,Advanced,0,0,,2025-08-22,
77,48,3,3,Advanced,1,0,,2025-05-24,
78,49,3,4,Advanced,1,1,Mock Systems Certification,2025-06-20,2027-11-20
79,50,3,4,Advanced,1,0,,2022-11-02,
80,51,3,5,Expert,1,0,,2025-04-18,
81,52,3,4,Advanced,1,0,,2023-04-20,
82,52,4,2,Intermediate,0,0,,2023-07-20,
83,52,1,2,Intermediate,0,0,,2023-10-18,
84,53,3,4,Advanced,1,1,Mock Systems Certification,2021-03-17,2023-05-17
85,53,4,3,Advanced,0,0,,2021-09-30,
86,53,5,1,Foundational,0,0,,2021-11-10,
87,54,3,3,Advanced,1,0,,2021-07-21,
88,54,1,1,Foundational,0,0,,2022-01-16,
89,55,3,3,Advanced,1,0,,2023-10-12,
90,55,4,2,Intermediate,0,0,,2024-05-11,
91,55,5,3,Advanced,0,0,,2024-05-02,
92,56,4,4,Advanced,1,1,Mock Mechanical Certification,2021-12-23,2024-07-23
93,56,3,3,Advanced,0,0,,2022-08-06,
94,56,5,2,Intermediate,0,0,,2022-07-12,
95,57,4,4,Advanced,1,0,,2022-02-20,
96,58,4,3,Advanced,1,0,,2021-03-11,
97,58,5,3,Advanced,0,0,,2021-06-28,
98,59,4,4,Advanced,1,0,,2023-02-14,
99,59,5,2,Intermediate,0,0,,2023-09-03,
100,60,4,5,Expert,1,1,Mock Mechanical Certification,2022-12-01,2025-11-01
101,60,3,2,Intermediate,0,0,,2023-04-06,
102,60,5,2,Intermediate,0,0,,2023-05-10,
103,61,4,4,Advanced,1,1,Mock Mechanical Certification,2023-10-16,2025-11-16
104,62,4,4,Advanced,1,1,Mock Mechanical Certification,2025-04-02,2028-02-02
105,62,3,2,Intermediate,0,0,,2025-08-24,
106,63,4,4,Advanced,1,1,Mock Mechanical Certification,2024-09-04,2027-07-04
107,63,3,2,Intermediate,0,0,,2025-02-14,
108,64,4,5,Expert,1,1,Mock Mechanical Certification,2021-02-15,2023-02-15
109,64,5,2,Intermediate,0,0,,2021-10-09,
110,64,3,2,Intermediate,0,0,,2021-07-31,
111,65,4,4,Advanced,1,1,Mock Mechanical Certification,2023-07-19,2025-09-19
112,65,3,3,Advanced,0,0,,2024-01-18,
113,65,5,1,Foundational,0,0,,2024-03-15,
114,66,4,4,Advanced,1,1,Mock Mechanical Certification,2022-12-03,2025-05-03
115,66,5,3,Advanced,0,0,,2023-07-12,
116,67,4,3,Advanced,1,0,,2022-09-13,
117,67,5,2,Intermediate,0,0,,2023-04-19,
118,68,4,4,Advanced,1,0,,2023-01-19,
119,68,3,1,Foundational,0,0,,2023-08-13,
120,69,4,5,Expert,1,1,Mock Mechanical Certification,2024-04-09,2027-02-09
121,69,5,2,Intermediate,0,0,,2024-09-05,
122,70,4,3,Advanced,1,0,,2024-02-16,
123,71,4,5,Expert,1,1,Mock Mechanical Certification,2023-11-19,2026-11-19
124,71,5,1,Foundational,0,0,,2024-05-05,
125,72,4,4,Advanced,1,1,Mock Mechanical Certification,2025-03-25,2027-12-25
126,72,3,2,Intermediate,0,0,,2025-06-28,
127,72,5,1,Foundational,0,0,,2025-07-05,
128,73,4,5,Expert,1,1,Mock Mechanical Certification,2021-06-14,2023-12-14
129,73,3,1,Foundational,0,0,,2021-12-05,
130,73,5,2,Intermediate,0,0,,2022-01-06,
131,74,4,5,Expert,1,1,Mock Mechanical Certification,2025-05-19,2028-01-19
132,74,3,1,Foundational,0,0,,2025-08-29,
133,74,5,2,Intermediate,0,0,,2025-12-17,
134,75,4,5,Expert,1,1,Mock Mechanical Certification,2022-04-04,2024-06-04
135,76,4,5,Expert,1,0,,2021-02-11,
136,77,4,3,Advanced,1,0,,2025-03-12,
137,77,5,3,Advanced,0,0,,2025-10-24,
138,78,5,3,Advanced,1,0,,2022-11-11,
139,79,5,3,Advanced,1,0,,2023-02-12,
140,79,3,1,Foundational,0,0,,2023-06-27,
141,79,4,1,Foundational,0,0,,2023-06-27,
142,80,5,4,Advanced,1,1,Mock Quality Assurance Certification,2023-04-02,2025-05-02
143,80,4,2,Intermediate,0,0,,2023-08-11,
144,80,3,2,Intermediate,0,0,,2023-07-03,
145,81,5,5,Expert,1,1,Mock Quality Assurance Certification,2022-12-25,2025-04-25
146,81,3,2,Intermediate,0,0,,2023-08-03,
147,82,5,3,Advanced,1,0,,2022-06-13,
148,83,5,4,Advanced,1,1,Mock Quality Assurance Certification,2023-01-21,2025-10-21
149,83,3,2,Intermediate,0,0,,2023-05-09,
150,84,5,3,Advanced,1,0,,2022-11-22,
151,84,4,1,Foundational,0,0,,2023-07-03,
152,85,5,3,Advanced,1,0,,2023-04-15,
153,86,5,5,Expert,1,0,,2021-04-13,
154,86,3,2,Intermediate,0,0,,2021-09-16,
155,86,4,1,Foundational,0,0,,2021-09-16,
156,87,5,4,Advanced,1,1,Mock Quality Assurance Certification,2022-12-12,2025-12-12
157,88,5,4,Advanced,1,1,Mock Quality Assurance Certification,2021-02-16,2023-06-16
158,88,4,1,Foundational,0,0,,2021-08-07,
159,89,5,4,Advanced,1,0,,2024-04-12,
160,90,5,3,Advanced,1,0,,2023-12-06,
161,90,4,1,Foundational,0,0,,2024-04-21,
162,91,5,4,Advanced,1,1,Mock Quality Assurance Certification,2024-05-13,2026-12-13
163,91,3,2,Intermediate,0,0,,2024-08-31,
164,91,4,2,Intermediate,0,0,,2024-09-05,
165,92,5,5,Expert,1,0,,2024-10-21,
166,92,3,2,Intermediate,0,0,,2025-03-21,
167,93,5,5,Expert,1,0,,2022-03-21,
168,93,4,2,Intermediate,0,0,,2022-10-22,
169,94,6,5,Expert,1,1,Mock Cloud & DevOps Certification,2022-01-21,2024-03-21
170,94,1,2,Intermediate,0,0,,2022-05-12,
171,95,6,5,Expert,1,1,Mock Cloud & DevOps Certification,2024-04-11,2026-08-11
172,96,6,4,Advanced,1,0,,2023-12-01,
173,96,7,3,Advanced,0,0,,2024-04-29,
174,97,6,4,Advanced,1,0,,2021-09-16,
175,97,7,2,Intermediate,0,0,,2022-02-04,
176,98,6,5,Expert,1,0,,2024-08-12,
177,99,6,4,Advanced,1,0,,2023-12-14,
178,99,1,3,Advanced,0,0,,2024-06-29,
179,99,2,2,Intermediate,0,0,,2024-07-28,
180,100,6,4,Advanced,1,0,,2021-12-08,
181,101,6,5,Expert,1,1,Mock Cloud & DevOps Certification,2023-11-24,2026-05-24
182,101,1,1,Foundational,0,0,,2024-05-21,
183,102,6,5,Expert,1,1,Mock Cloud & DevOps Certification,2022-04-21,2024-11-21
184,102,1,2,Intermediate,0,0,,2022-10-28,
185,102,2,2,Intermediate,0,0,,2022-11-20,
186,103,6,4,Advanced,1,1,Mock Cloud & DevOps Certification,2025-05-17,2028-02-17
187,103,7,3,Advanced,0,0,,2026-01-08,
188,104,6,4,Advanced,1,1,Mock Cloud & DevOps Certification,2021-12-16,2024-04-16
189,104,2,2,Intermediate,0,0,,2022-07-18,
190,105,6,5,Expert,1,0,,2023-05-15,
191,106,7,3,Advanced,1,0,,2025-02-12,
192,106,1,2,Intermediate,0,0,,2025-09-15,
193,107,7,5,Expert,1,1,Mock Cybersecurity Certification,2021-05-18,2023-11-18
194,108,7,3,Advanced,1,0,,2025-02-01,
195,108,1,1,Foundational,0,0,,2025-06-10,
196,109,7,4,Advanced,1,1,Mock Cybersecurity Certification,2021-06-16,2024-06-16
197,110,7,4,Advanced,1,1,Mock Cybersecurity Certification,2021-02-14,2023-02-14
198,110,1,3,Advanced,0,0,,2021-09-28,
199,111,7,5,Expert,1,0,,2023-03-07,
200,111,1,2,Intermediate,0,0,,2023-06-05,
201,111,6,2,Intermediate,0,0,,2023-08-14,
202,112,7,3,Advanced,1,0,,2024-01-09,
203,112,6,2,Intermediate,0,0,,2024-06-22,
204,113,7,3,Advanced,1,0,,2021-04-14,
205,113,6,1,Foundational,0,0,,2021-10-15,
206,113,1,2,Intermediate,0,0,,2021-11-04,
207,114,8,5,Expert,1,1,Mock RDE PMO Certification,2023-10-06,2026-07-06
208,114,3,3,Advanced,0,0,,2024-02-01,
209,115,8,4,Advanced,1,0,,2022-09-18,
210,115,5,2,Intermediate,0,0,,2023-04-27,
211,115,3,2,Intermediate,0,0,,2023-02-28,
212,116,8,4,Advanced,1,1,Mock RDE PMO Certification,2021-05-17,2024-01-17
213,117,8,5,Expert,1,0,,2021-05-12,
214,118,8,5,Expert,1,1,Mock RDE PMO Certification,2024-05-03,2026-08-03
215,118,5,3,Advanced,0,0,,2024-12-12,
216,119,8,4,Advanced,1,0,,2023-02-02,
217,119,5,3,Advanced,0,0,,2023-05-23,
218,120,8,4,Advanced,1,1,Mock RDE PMO Certification,2021-09-18,2024-02-18
