DateKey,Date,DayOfWeekName,DayOfWeekNumber,WeekStartDate,WeekEndDate,WeekOfYear,MonthNumber,MonthName,MonthStartDate,YearMonth,CalendarQuarter,CalendarYear,FiscalMonthNumber,FiscalQuarter,FiscalYear,IsWeekend,IsHoliday,HolidayName,IsWorkingDay,WorkingHours,PeriodType
20250801,2025-08-01,Friday,5,2025-07-28,2025-08-03,31,8,August,2025-08-01,2025-08,Q3,2025,8,Q3,2025,0,0,,1,8.0,Actual
20250802,2025-08-02,Saturday,6,2025-07-28,2025-08-03,31,8,August,2025-08-01,2025-08,Q3,2025,8,Q3,2025,1,0,,0,0.0,Actual
20250803,2025-08-03,Sunday,7,2025-07-28,2025-08-03,31,8,August,2025-08-01,2025-08,Q3,2025,8,Q3,2025,1,0,,0,0.0,Actual
20250804,2025-08-04,Monday,1,2025-08-04,2025-08-10,32,8,August,2025-08-01,2025-08,Q3,2025,8,Q3,2025,0,0,,1,8.0,Actual
20250805,2025-08-05,Tuesday,2,2025-08-04,2025-08-10,32,8,August,2025-08-01,2025-08,Q3,2025,8,Q3,2025,0,0,,1,8.0,Actual
20250806,2025-08-06,Wednesday,3,2025-08-04,2025-08-10,32,8,August,2025-08-01,2025-08,Q3,2025,8,Q3,2025,0,0,,1,8.0,Actual
20250807,2025-08-07,Thursday,4,2025-08-04,2025-08-10,32,8,August,2025-08-01,2025-08,Q3,2025,8,Q3,2025,0,0,,1,8.0,Actual
20250808,2025-08-08,Friday,5,2025-08-04,2025-08-10,32,8,August,2025-08-01,2025-08,Q3,2025,8,Q3,2025,0,0,,1,8.0,Actual
20250809,2025-08-09,Saturday,6,2025-08-04,2025-08-10,32,8,August,2025-08-01,2025-08,Q3,2025,8,Q3,2025,1,0,,0,0.0,Actual
20250810,2025-08-10,Sunday,7,2025-08-04,2025-08-10,32,8,August,2025-08-01,2025-08,Q3,2025,8,Q3,2025,1,0,,0,0.0,Actual
20250811,2025-08-11,Monday,1,2025-08-11,2025-08-17,33,8,August,2025-08-01,2025-08,Q3,2025,8,Q3,2025,0,0,,1,8.0,Actual
20250812,2025-08-12,Tuesday,2,2025-08-11,2025-08-17,33,8,August,2025-08-01,2025-08,Q3,2025,8,Q3,2025,0,0,,1,8.0,Actual
20250813,2025-08-13,Wednesday,3,2025-08-11,2025-08-17,33,8,August,2025-08-01,2025-08,Q3,2025,8,Q3,2025,0,0,,1,8.0,Actual
20250814,2025-08-14,Thursday,4,2025-08-11,2025-08-17,33,8,August,2025-08-01,2025-08,Q3,2025,8,Q3,2025,0,0,,1,8.0,Actual
20250815,2025-08-15,Friday,5,2025-08-11,2025-08-17,33,8,August,2025-08-01,2025-08,Q3,2025,8,Q3,2025,0,0,,1,8.0,Actual
20250816,2025-08-16,Saturday,6,2025-08-11,2025-08-17,33,8,August,2025-08-01,2025-08,Q3,2025,8,Q3,2025,1,0,,0,0.0,Actual
20250817,2025-08-17,Sunday,7,2025-08-11,2025-08-17,33,8,August,2025-08-01,2025-08,Q3,2025,8,Q3,2025,1,0,,0,0.0,Actual
20250818,2025-08-18,Monday,1,2025-08-18,2025-08-24,34,8,August,2025-08-01,2025-08,Q3,2025,8,Q3,2025,0,0,,1,8.0,Actual
20250819,2025-08-19,Tuesday,2,2025-08-18,2025-08-24,34,8,August,2025-08-01,2025-08,Q3,2025,8,Q3,2025,0,0,,1,8.0,Actual
20250820,2025-08-20,Wednesday,3,2025-08-18,2025-08-24,34,8,August,2025-08-01,2025-08,Q3,2025,8,Q3,2025,0,0,,1,8.0,Actual
20250821,2025-08-21,Thursday,4,2025-08-18,2025-08-24,34,8,August,2025-08-01,2025-08,Q3,2025,8,Q3,2025,0,0,,1,8.0,Actual
20250822,2025-08-22,Friday,5,2025-08-18,2025-08-24,34,8,August,2025-08-01,2025-08,Q3,2025,8,Q3,2025,0,0,,1,8.0,Actual
20250823,2025-08-23,Saturday,6,2025-08-18,2025-08-24,34,8,August,2025-08-01,2025-08,Q3,2025,8,Q3,2025,1,0,,0,0.0,Actual
20250824,2025-08-24,Sunday,7,2025-08-18,2025-08-24,34,8,August,2025-08-01,2025-08,Q3,2025,8,Q3,2025,1,0,,0,0.0,Actual
20250825,2025-08-25,Monday,1,2025-08-25,2025-08-31,35,8,August,2025-08-01,2025-08,Q3,2025,8,Q3,2025,0,0,,1,8.0,Actual
20250826,2025-08-26,Tuesday,2,2025-08-25,2025-08-31,35,8,August,2025-08-01,2025-08,Q3,2025,8,Q3,2025,0,0,,1,8.0,Actual
20250827,2025-08-27,Wednesday,3,2025-08-25,2025-08-31,35,8,August,2025-08-01,2025-08,Q3,2025,8,Q3,2025,0,0,,1,8.0,Actual
20250828,2025-08-28,Thursday,4,2025-08-25,2025-08-31,35,8,August,2025-08-01,2025-08,Q3,2025,8,Q3,2025,0,0,,1,8.0,Actual
20250829,2025-08-29,Friday,5,2025-08-25,2025-08-31,35,8,August,2025-08-01,2025-08,Q3,2025,8,Q3,2025,0,0,,1,8.0,Actual
20250830,2025-08-30,Saturday,6,2025-08-25,2025-08-31,35,8,August,2025-08-01,2025-08,Q3,2025,8,Q3,2025,1,0,,0,0.0,Actual
20250831,2025-08-31,Sunday,7,2025-08-25,2025-08-31,35,8,August,2025-08-01,2025-08,Q3,2025,8,Q3,2025,1,0,,0,0.0,Actual
20250901,2025-09-01,Monday,1,2025-09-01,2025-09-07,36,9,September,2025-09-01,2025-09,Q3,2025,9,Q3,2025,0,0,,1,8.0,Actual
20250902,2025-09-02,Tuesday,2,2025-09-01,2025-09-07,36,9,September,2025-09-01,2025-09,Q3,2025,9,Q3,2025,0,0,,1,8.0,Actual
20250903,2025-09-03,Wednesday,3,2025-09-01,2025-09-07,36,9,September,2025-09-01,2025-09,Q3,2025,9,Q3,2025,0,0,,1,8.0,Actual
20250904,2025-09-04,Thursday,4,2025-09-01,2025-09-07,36,9,September,2025-09-01,2025-09,Q3,2025,9,Q3,2025,0,0,,1,8.0,Actual
20250905,2025-09-05,Friday,5,2025-09-01,2025-09-07,36,9,September,2025-09-01,2025-09,Q3,2025,9,Q3,2025,0,0,,1,8.0,Actual
20250906,2025-09-06,Saturday,6,2025-09-01,2025-09-07,36,9,September,2025-09-01,2025-09,Q3,2025,9,Q3,2025,1,0,,0,0.0,Actual
20250907,2025-09-07,Sunday,7,2025-09-01,2025-09-07,36,9,September,2025-09-01,2025-09,Q3,2025,9,Q3,2025,1,0,,0,0.0,Actual
20250908,2025-09-08,Monday,1,2025-09-08,2025-09-14,37,9,September,2025-09-01,2025-09,Q3,2025,9,Q3,2025,0,0,,1,8.0,Actual
20250909,2025-09-09,Tuesday,2,2025-09-08,2025-09-14,37,9,September,2025-09-01,2025-09,Q3,2025,9,Q3,2025,0,0,,1,8.0,Actual
20250910,2025-09-10,Wednesday,3,2025-09-08,2025-09-14,37,9,September,2025-09-01,2025-09,Q3,2025,9,Q3,2025,0,0,,1,8.0,Actual
20250911,2025-09-11,Thursday,4,2025-09-08,2025-09-14,37,9,September,2025-09-01,2025-09,Q3,2025,9,Q3,2025,0,0,,1,8.0,Actual
20250912,2025-09-12,Friday,5,2025-09-08,2025-09-14,37,9,September,2025-09-01,2025-09,Q3,2025,9,Q3,2025,0,0,,1,8.0,Actual
20250913,2025-09-13,Saturday,6,2025-09-08,2025-09-14,37,9,September,2025-09-01,2025-09,Q3,2025,9,Q3,2025,1,0,,0,0.0,Actual
20250914,2025-09-14,Sunday,7,2025-09-08,2025-09-14,37,9,September,2025-09-01,2025-09,Q3,2025,9,Q3,2025,1,0,,0,0.0,Actual
20250915,2025-09-15,Monday,1,2025-09-15,2025-09-21,38,9,September,2025-09-01,2025-09,Q3,2025,9,Q3,2025,0,0,,1,8.0,Actual
20250916,2025-09-16,Tuesday,2,2025-09-15,2025-09-21,38,9,September,2025-09-01,2025-09,Q3,2025,9,Q3,2025,0,0,,1,8.0,Actual
20250917,2025-09-17,Wednesday,3,2025-09-15,2025-09-21,38,9,September,2025-09-01,2025-09,Q3,2025,9,Q3,2025,0,0,,1,8.0,Actual
20250918,2025-09-18,Thursday,4,2025-09-15,2025-09-21,38,9,September,2025-09-01,2025-09,Q3,2025,9,Q3,2025,0,0,,1,8.0,Actual
20250919,2025-09-19,Friday,5,2025-09-15,2025-09-21,38,9,September,2025-09-01,2025-09,Q3,2025,9,Q3,2025,0,0,,1,8.0,Actual
20250920,2025-09-20,Saturday,6,2025-09-15,2025-09-21,38,9,September,2025-09-01,2025-09,Q3,2025,9,Q3,2025,1,0,,0,0.0,Actual
20250921,2025-09-21,Sunday,7,2025-09-15,2025-09-21,38,9,September,2025-09-01,2025-09,Q3,2025,9,Q3,2025,1,0,,0,0.0,Actual
20250922,2025-09-22,Monday,1,2025-09-22,2025-09-28,39,9,September,2025-09-01,2025-09,Q3,2025,9,Q3,2025,0,0,,1,8.0,Actual
20250923,2025-09-23,Tuesday,2,2025-09-22,2025-09-28,39,9,September,2025-09-01,2025-09,Q3,2025,9,Q3,2025,0,0,,1,8.0,Actual
20250924,2025-09-24,Wednesday,3,2025-09-22,2025-09-28,39,9,September,2025-09-01,2025-09,Q3,2025,9,Q3,2025,0,0,,1,8.0,Actual
20250925,2025-09-25,Thursday,4,2025-09-22,2025-09-28,39,9,September,2025-09-01,2025-09,Q3,2025,9,Q3,2025,0,0,,1,8.0,Actual
20250926,2025-09-26,Friday,5,2025-09-22,2025-09-28,39,9,September,2025-09-01,2025-09,Q3,2025,9,Q3,2025,0,0,,1,8.0,Actual
20250927,2025-09-27,Saturday,6,2025-09-22,2025-09-28,39,9,September,2025-09-01,2025-09,Q3,2025,9,Q3,2025,1,0,,0,0.0,Actual
20250928,2025-09-28,Sunday,7,2025-09-22,2025-09-28,39,9,September,2025-09-01,2025-09,Q3,2025,9,Q3,2025,1,0,,0,0.0,Actual
20250929,2025-09-29,Monday,1,2025-09-29,2025-10-05,40,9,September,2025-09-01,2025-09,Q3,2025,9,Q3,2025,0,0,,1,8.0,Actual
20250930,2025-09-30,Tuesday,2,2025-09-29,2025-10-05,40,9,September,2025-09-01,2025-09,Q3,2025,9,Q3,2025,0,0,,1,8.0,Actual
20251001,2025-10-01,Wednesday,3,2025-09-29,2025-10-05,40,10,October,2025-10-01,2025-10,Q4,2025,10,Q4,2025,0,0,,1,8.0,Actual
20251002,2025-10-02,Thursday,4,2025-09-29,2025-10-05,40,10,October,2025-10-01,2025-10,Q4,2025,10,Q4,2025,0,0,,1,8.0,Actual
20251003,2025-10-03,Friday,5,2025-09-29,2025-10-05,40,10,October,2025-10-01,2025-10,Q4,2025,10,Q4,2025,0,0,,1,8.0,Actual
20251004,2025-10-04,Saturday,6,2025-09-29,2025-10-05,40,10,October,2025-10-01,2025-10,Q4,2025,10,Q4,2025,1,0,,0,0.0,Actual
20251005,2025-10-05,Sunday,7,2025-09-29,2025-10-05,40,10,October,2025-10-01,2025-10,Q4,2025,10,Q4,2025,1,0,,0,0.0,Actual
20251006,2025-10-06,Monday,1,2025-10-06,2025-10-12,41,10,October,2025-10-01,2025-10,Q4,2025,10,Q4,2025,0,0,,1,8.0,Actual
20251007,2025-10-07,Tuesday,2,2025-10-06,2025-10-12,41,10,October,2025-10-01,2025-10,Q4,2025,10,Q4,2025,0,0,,1,8.0,Actual
20251008,2025-10-08,Wednesday,3,2025-10-06,2025-10-12,41,10,October,2025-10-01,2025-10,Q4,2025,10,Q4,2025,0,0,,1,8.0,Actual
20251009,2025-10-09,Thursday,4,2025-10-06,2025-10-12,41,10,October,2025-10-01,2025-10,Q4,2025,10,Q4,2025,0,0,,1,8.0,Actual
20251010,2025-10-10,Friday,5,2025-10-06,2025-10-12,41,10,October,2025-10-01,2025-10,Q4,2025,10,Q4,2025,0,0,,1,8.0,Actual
20251011,2025-10-11,Saturday,6,2025-10-06,2025-10-12,41,10,October,2025-10-01,2025-10,Q4,2025,10,Q4,2025,1,0,,0,0.0,Actual
20251012,2025-10-12,Sunday,7,2025-10-06,2025-10-12,41,10,October,2025-10-01,2025-10,Q4,2025,10,Q4,2025,1,0,,0,0.0,Actual
20251013,2025-10-13,Monday,1,2025-10-13,2025-10-19,42,10,October,2025-10-01,2025-10,Q4,2025,10,Q4,2025,0,0,,1,8.0,Actual
20251014,2025-10-14,Tuesday,2,2025-10-13,2025-10-19,42,10,October,2025-10-01,2025-10,Q4,2025,10,Q4,2025,0,0,,1,8.0,Actual
20251015,2025-10-15,Wednesday,3,2025-10-13,2025-10-19,42,10,October,2025-10-01,2025-10,Q4,2025,10,Q4,2025,0,0,,1,8.0,Actual
20251016,2025-10-16,Thursday,4,2025-10-13,2025-10-19,42,10,October,2025-10-01,2025-10,Q4,2025,10,Q4,2025,0,0,,1,8.0,Actual
20251017,2025-10-17,Friday,5,2025-10-13,2025-10-19,42,10,October,2025-10-01,2025-10,Q4,2025,10,Q4,2025,0,0,,1,8.0,Actual
20251018,2025-10-18,Saturday,6,2025-10-13,2025-10-19,42,10,October,2025-10-01,2025-10,Q4,2025,10,Q4,2025,1,0,,0,0.0,Actual
20251019,2025-10-19,Sunday,7,2025-10-13,2025-10-19,42,10,October,2025-10-01,2025-10,Q4,2025,10,Q4,2025,1,0,,0,0.0,Actual
20251020,2025-10-20,Monday,1,2025-10-20,2025-10-26,43,10,October,2025-10-01,2025-10,Q4,2025,10,Q4,2025,0,0,,1,8.0,Actual
20251021,2025-10-21,Tuesday,2,2025-10-20,2025-10-26,43,10,October,2025-10-01,2025-10,Q4,2025,10,Q4,2025,0,0,,1,8.0,Actual
20251022,2025-10-22,Wednesday,3,2025-10-20,2025-10-26,43,10,October,2025-10-01,2025-10,Q4,2025,10,Q4,2025,0,0,,1,8.0,Actual
20251023,2025-10-23,Thursday,4,2025-10-20,2025-10-26,43,10,October,2025-10-01,2025-10,Q4,2025,10,Q4,2025,0,0,,1,8.0,Actual
20251024,2025-10-24,Friday,5,2025-10-20,2025-10-26,43,10,October,2025-10-01,2025-10,Q4,2025,10,Q4,2025,0,0,,1,8.0,Actual
20251025,2025-10-25,Saturday,6,2025-10-20,2025-10-26,43,10,October,2025-10-01,2025-10,Q4,2025,10,Q4,2025,1,0,,0,0.0,Actual
20251026,2025-10-26,Sunday,7,2025-10-20,2025-10-26,43,10,October,2025-10-01,2025-10,Q4,2025,10,Q4,2025,1,0,,0,0.0,Actual
20251027,2025-10-27,Monday,1,2025-10-27,2025-11-02,44,10,October,2025-10-01,2025-10,Q4,2025,10,Q4,2025,0,0,,1,8.0,Actual
20251028,2025-10-28,Tuesday,2,2025-10-27,2025-11-02,44,10,October,2025-10-01,2025-10,Q4,2025,10,Q4,2025,0,0,,1,8.0,Actual
20251029,2025-10-29,Wednesday,3,2025-10-27,2025-11-02,44,10,October,2025-10-01,2025-10,Q4,2025,10,Q4,2025,0,0,,1,8.0,Actual
20251030,2025-10-30,Thursday,4,2025-10-27,2025-11-02,44,10,October,2025-10-01,2025-10,Q4,2025,10,Q4,2025,0,0,,1,8.0,Actual
20251031,2025-10-31,Friday,5,2025-10-27,2025-11-02,44,10,October,2025-10-01,2025-10,Q4,2025,10,Q4,2025,0,0,,1,8.0,Actual
20251101,2025-11-01,Saturday,6,2025-10-27,2025-11-02,44,11,November,2025-11-01,2025-11,Q4,2025,11,Q4,2025,1,0,,0,0.0,Actual
20251102,2025-11-02,Sunday,7,2025-10-27,2025-11-02,44,11,November,2025-11-01,2025-11,Q4,2025,11,Q4,2025,1,0,,0,0.0,Actual
20251103,2025-11-03,Monday,1,2025-11-03,2025-11-09,45,11,November,2025-11-01,2025-11,Q4,2025,11,Q4,2025,0,0,,1,8.0,Actual
20251104,2025-11-04,Tuesday,2,2025-11-03,2025-11-09,45,11,November,2025-11-01,2025-11,Q4,2025,11,Q4,2025,0,0,,1,8.0,Actual
20251105,2025-11-05,Wednesday,3,2025-11-03,2025-11-09,45,11,November,2025-11-01,2025-11,Q4,2025,11,Q4,2025,0,0,,1,8.0,Actual
20251106,2025-11-06,Thursday,4,2025-11-03,2025-11-09,45,11,November,2025-11-01,2025-11,Q4,2025,11,Q4,2025,0,0,,1,8.0,Actual
20251107,2025-11-07,Friday,5,2025-11-03,2025-11-09,45,11,November,2025-11-01,2025-11,Q4,2025,11,Q4,2025,0,0,,1,8.0,Actual
20251108,2025-11-08,Saturday,6,2025-11-03,2025-11-09,45,11,November,2025-11-01,2025-11,Q4,2025,11,Q4,2025,1,0,,0,0.0,Actual
20251109,2025-11-09,Sunday,7,2025-11-03,2025-11-09,45,11,November,2025-11-01,2025-11,Q4,2025,11,Q4,2025,1,0,,0,0.0,Actual
20251110,2025-11-10,Monday,1,2025-11-10,2025-11-16,46,11,November,2025-11-01,2025-11,Q4,2025,11,Q4,2025,0,0,,1,8.0,Actual
20251111,2025-11-11,Tuesday,2,2025-11-10,2025-11-16,46,11,November,2025-11-01,2025-11,Q4,2025,11,Q4,2025,0,0,,1,8.0,Actual
20251112,2025-11-12,Wednesday,3,2025-11-10,2025-11-16,46,11,November,2025-11-01,2025-11,Q4,2025,11,Q4,2025,0,0,,1,8.0,Actual
20251113,2025-11-13,Thursday,4,2025-11-10,2025-11-16,46,11,November,2025-11-01,2025-11,Q4,2025,11,Q4,2025,0,0,,1,8.0,Actual
20251114,2025-11-14,Friday,5,2025-11-10,2025-11-16,46,11,November,2025-11-01,2025-11,Q4,2025,11,Q4,2025,0,0,,1,8.0,Actual
20251115,2025-11-15,Saturday,6,2025-11-10,2025-11-16,46,11,November,2025-11-01,2025-11,Q4,2025,11,Q4,2025,1,0,,0,0.0,Actual
20251116,2025-11-16,Sunday,7,2025-11-10,2025-11-16,46,11,November,2025-11-01,2025-11,Q4,2025,11,Q4,2025,1,0,,0,0.0,Actual
20251117,2025-11-17,Monday,1,2025-11-17,2025-11-23,47,11,November,2025-11-01,2025-11,Q4,2025,11,Q4,2025,0,0,,1,8.0,Actual
20251118,2025-11-18,Tuesday,2,2025-11-17,2025-11-23,47,11,November,2025-11-01,2025-11,Q4,2025,11,Q4,2025,0,0,,1,8.0,Actual
20251119,2025-11-19,Wednesday,3,2025-11-17,2025-11-23,47,11,November,2025-11-01,2025-11,Q4,2025,11,Q4,2025,0,0,,1,8.0,Actual
20251120,2025-11-20,Thursday,4,2025-11-17,2025-11-23,47,11,November,2025-11-01,2025-11,Q4,2025,11,Q4,2025,0,0,,1,8.0,Actual
20251121,2025-11-21,Friday,5,2025-11-17,2025-11-23,47,11,November,2025-11-01,2025-11,Q4,2025,11,Q4,2025,0,0,,1,8.0,Actual
20251122,2025-11-22,Saturday,6,2025-11-17,2025-11-23,47,11,November,2025-11-01,2025-11,Q4,2025,11,Q4,2025,1,0,,0,0.0,Actual
20251123,2025-11-23,Sunday,7,2025-11-17,2025-11-23,47,11,November,2025-11-01,2025-11,Q4,2025,11,Q4,2025,1,0,,0,0.0,Actual
20251124,2025-11-24,Monday,1,2025-11-24,2025-11-30,48,11,November,2025-11-01,2025-11,Q4,2025,11,Q4,2025,0,0,,1,8.0,Actual
20251125,2025-11-25,Tuesday,2,2025-11-24,2025-11-30,48,11,November,2025-11-01,2025-11,Q4,2025,11,Q4,2025,0,0,,1,8.0,Actual
20251126,2025-11-26,Wednesday,3,2025-11-24,2025-11-30,48,11,November,2025-11-01,2025-11,Q4,2025,11,Q4,2025,0,0,,1,8.0,Actual
20251127,2025-11-27,Thursday,4,2025-11-24,2025-11-30,48,11,November,2025-11-01,2025-11,Q4,2025,11,Q4,2025,0,1,Thanksgiving Day,0,0.0,Actual
20251128,2025-11-28,Friday,5,2025-11-24,2025-11-30,48,11,November,2025-11-01,2025-11,Q4,2025,11,Q4,2025,0,0,,1,8.0,Actual
20251129,2025-11-29,Saturday,6,2025-11-24,2025-11-30,48,11,November,2025-11-01,2025-11,Q4,2025,11,Q4,2025,1,0,,0,0.0,Actual
20251130,2025-11-30,Sunday,7,2025-11-24,2025-11-30,48,11,November,2025-11-01,2025-11,Q4,2025,11,Q4,2025,1,0,,0,0.0,Actual
20251201,2025-12-01,Monday,1,2025-12-01,2025-12-07,49,12,December,2025-12-01,2025-12,Q4,2025,12,Q4,2025,0,0,,1,8.0,Actual
20251202,2025-12-02,Tuesday,2,2025-12-01,2025-12-07,49,12,December,2025-12-01,2025-12,Q4,2025,12,Q4,2025,0,0,,1,8.0,Actual
20251203,2025-12-03,Wednesday,3,2025-12-01,2025-12-07,49,12,December,2025-12-01,2025-12,Q4,2025,12,Q4,2025,0,0,,1,8.0,Actual
20251204,2025-12-04,Thursday,4,2025-12-01,2025-12-07,49,12,December,2025-12-01,2025-12,Q4,2025,12,Q4,2025,0,0,,1,8.0,Actual
20251205,2025-12-05,Friday,5,2025-12-01,2025-12-07,49,12,December,2025-12-01,2025-12,Q4,2025,12,Q4,2025,0,0,,1,8.0,Actual
20251206,2025-12-06,Saturday,6,2025-12-01,2025-12-07,49,12,December,2025-12-01,2025-12,Q4,2025,12,Q4,2025,1,0,,0,0.0,Actual
20251207,2025-12-07,Sunday,7,2025-12-01,2025-12-07,49,12,December,2025-12-01,2025-12,Q4,2025,12,Q4,2025,1,0,,0,0.0,Actual
20251208,2025-12-08,Monday,1,2025-12-08,2025-12-14,50,12,December,2025-12-01,2025-12,Q4,2025,12,Q4,2025,0,0,,1,8.0,Actual
20251209,2025-12-09,Tuesday,2,2025-12-08,2025-12-14,50,12,December,2025-12-01,2025-12,Q4,2025,12,Q4,2025,0,0,,1,8.0,Actual
20251210,2025-12-10,Wednesday,3,2025-12-08,2025-12-14,50,12,December,2025-12-01,2025-12,Q4,2025,12,Q4,2025,0,0,,1,8.0,Actual
20251211,2025-12-11,Thursday,4,2025-12-08,2025-12-14,50,12,December,2025-12-01,2025-12,Q4,2025,12,Q4,2025,0,0,,1,8.0,Actual
20251212,2025-12-12,Friday,5,2025-12-08,2025-12-14,50,12,December,2025-12-01,2025-12,Q4,2025,12,Q4,2025,0,0,,1,8.0,Actual
20251213,2025-12-13,Saturday,6,2025-12-08,2025-12-14,50,12,December,2025-12-01,2025-12,Q4,2025,12,Q4,2025,1,0,,0,0.0,Actual
20251214,2025-12-14,Sunday,7,2025-12-08,2025-12-14,50,12,December,2025-12-01,2025-12,Q4,2025,12,Q4,2025,1,0,,0,0.0,Actual
20251215,2025-12-15,Monday,1,2025-12-15,2025-12-21,51,12,December,2025-12-01,2025-12,Q4,2025,12,Q4,2025,0,0,,1,8.0,Actual
20251216,2025-12-16,Tuesday,2,2025-12-15,2025-12-21,51,12,December,2025-12-01,2025-12,Q4,2025,12,Q4,2025,0,0,,1,8.0,Actual
20251217,2025-12-17,Wednesday,3,2025-12-15,2025-12-21,51,12,December,2025-12-01,2025-12,Q4,2025,12,Q4,2025,0,0,,1,8.0,Actual
20251218,2025-12-18,Thursday,4,2025-12-15,2025-12-21,51,12,December,2025-12-01,2025-12,Q4,2025,12,Q4,2025,0,0,,1,8.0,Actual
20251219,2025-12-19,Friday,5,2025-12-15,2025-12-21,51,12,December,2025-12-01,2025-12,Q4,2025,12,Q4,2025,0,0,,1,8.0,Actual
20251220,2025-12-20,Saturday,6,2025-12-15,2025-12-21,51,12,December,2025-12-01,2025-12,Q4,2025,12,Q4,2025,1,0,,0,0.0,Actual
20251221,2025-12-21,Sunday,7,2025-12-15,2025-12-21,51,12,December,2025-12-01,2025-12,Q4,2025,12,Q4,2025,1,0,,0,0.0,Actual
20251222,2025-12-22,Monday,1,2025-12-22,2025-12-28,52,12,December,2025-12-01,2025-12,Q4,2025,12,Q4,2025,0,0,,1,8.0,Actual
20251223,2025-12-23,Tuesday,2,2025-12-22,2025-12-28,52,12,December,2025-12-01,2025-12,Q4,2025,12,Q4,2025,0,0,,1,8.0,Actual
20251224,2025-12-24,Wednesday,3,2025-12-22,2025-12-28,52,12,December,2025-12-01,2025-12,Q4,2025,12,Q4,2025,0,0,,1,8.0,Actual
20251225,2025-12-25,Thursday,4,2025-12-22,2025-12-28,52,12,December,2025-12-01,2025-12,Q4,2025,12,Q4,2025,0,1,Christmas Day,0,0.0,Actual
20251226,2025-12-26,Friday,5,2025-12-22,2025-12-28,52,12,December,2025-12-01,2025-12,Q4,2025,12,Q4,2025,0,0,,1,8.0,Actual
20251227,2025-12-27,Saturday,6,2025-12-22,2025-12-28,52,12,December,2025-12-01,2025-12,Q4,2025,12,Q4,2025,1,0,,0,0.0,Actual
20251228,2025-12-28,Sunday,7,2025-12-22,2025-12-28,52,12,December,2025-12-01,2025-12,Q4,2025,12,Q4,2025,1,0,,0,0.0,Actual
20251229,2025-12-29,Monday,1,2025-12-29,2026-01-04,1,12,December,2025-12-01,2025-12,Q4,2025,12,Q4,2025,0,0,,1,8.0,Actual
20251230,2025-12-30,Tuesday,2,2025-12-29,2026-01-04,1,12,December,2025-12-01,2025-12,Q4,2025,12,Q4,2025,0,0,,1,8.0,Actual
20251231,2025-12-31,Wednesday,3,2025-12-29,2026-01-04,1,12,December,2025-12-01,2025-12,Q4,2025,12,Q4,2025,0,0,,1,8.0,Actual
20260101,2026-01-01,Thursday,4,2025-12-29,2026-01-04,1,1,January,2026-01-01,2026-01,Q1,2026,1,Q1,2026,0,1,New Year's Day,0,0.0,Actual
20260102,2026-01-02,Friday,5,2025-12-29,2026-01-04,1,1,January,2026-01-01,2026-01,Q1,2026,1,Q1,2026,0,0,,1,8.0,Actual
20260103,2026-01-03,Saturday,6,2025-12-29,2026-01-04,1,1,January,2026-01-01,2026-01,Q1,2026,1,Q1,2026,1,0,,0,0.0,Actual
20260104,2026-01-04,Sunday,7,2025-12-29,2026-01-04,1,1,January,2026-01-01,2026-01,Q1,2026,1,Q1,2026,1,0,,0,0.0,Actual
20260105,2026-01-05,Monday,1,2026-01-05,2026-01-11,2,1,January,2026-01-01,2026-01,Q1,2026,1,Q1,2026,0,0,,1,8.0,Actual
20260106,2026-01-06,Tuesday,2,2026-01-05,2026-01-11,2,1,January,2026-01-01,2026-01,Q1,2026,1,Q1,2026,0,0,,1,8.0,Actual
20260107,2026-01-07,Wednesday,3,2026-01-05,2026-01-11,2,1,January,2026-01-01,2026-01,Q1,2026,1,Q1,2026,0,0,,1,8.0,Actual
20260108,2026-01-08,Thursday,4,2026-01-05,2026-01-11,2,1,January,2026-01-01,2026-01,Q1,2026,1,Q1,2026,0,0,,1,8.0,Actual
20260109,2026-01-09,Friday,5,2026-01-05,2026-01-11,2,1,January,2026-01-01,2026-01,Q1,2026,1,Q1,2026,0,0,,1,8.0,Actual
20260110,2026-01-10,Saturday,6,2026-01-05,2026-01-11,2,1,January,2026-01-01,2026-01,Q1,2026,1,Q1,2026,1,0,,0,0.0,Actual
20260111,2026-01-11,Sunday,7,2026-01-05,2026-01-11,2,1,January,2026-01-01,2026-01,Q1,2026,1,Q1,2026,1,0,,0,0.0,Actual
20260112,2026-01-12,Monday,1,2026-01-12,2026-01-18,3,1,January,2026-01-01,2026-01,Q1,2026,1,Q1,2026,0,0,,1,8.0,Actual
20260113,2026-01-13,Tuesday,2,2026-01-12,2026-01-18,3,1,January,2026-01-01,2026-01,Q1,2026,1,Q1,2026,0,0,,1,8.0,Actual
20260114,2026-01-14,Wednesday,3,2026-01-12,2026-01-18,3,1,January,2026-01-01,2026-01,Q1,2026,1,Q1,2026,0,0,,1,8.0,Actual
20260115,2026-01-15,Thursday,4,2026-01-12,2026-01-18,3,1,January,2026-01-01,2026-01,Q1,2026,1,Q1,2026,0,0,,1,8.0,Actual
20260116,2026-01-16,Friday,5,2026-01-12,2026-01-18,3,1,January,2026-01-01,2026-01,Q1,2026,1,Q1,2026,0,0,,1,8.0,Actual
20260117,2026-01-17,Saturday,6,2026-01-12,2026-01-18,3,1,January,2026-01-01,2026-01,Q1,2026,1,Q1,2026,1,0,,0,0.0,Actual
20260118,2026-01-18,Sunday,7,2026-01-12,2026-01-18,3,1,January,2026-01-01,2026-01,Q1,2026,1,Q1,2026,1,0,,0,0.0,Actual
20260119,2026-01-19,Monday,1,2026-01-19,2026-01-25,4,1,January,2026-01-01,2026-01,Q1,2026,1,Q1,2026,0,0,,1,8.0,Actual
20260120,2026-01-20,Tuesday,2,2026-01-19,2026-01-25,4,1,January,2026-01-01,2026-01,Q1,2026,1,Q1,2026,0,0,,1,8.0,Actual
20260121,2026-01-21,Wednesday,3,2026-01-19,2026-01-25,4,1,January,2026-01-01,2026-01,Q1,2026,1,Q1,2026,0,0,,1,8.0,Actual
20260122,2026-01-22,Thursday,4,2026-01-19,2026-01-25,4,1,January,2026-01-01,2026-01,Q1,2026,1,Q1,2026,0,0,,1,8.0,Actual
20260123,2026-01-23,Friday,5,2026-01-19,2026-01-25,4,1,January,2026-01-01,2026-01,Q1,2026,1,Q1,2026,0,0,,1,8.0,Actual
20260124,2026-01-24,Saturday,6,2026-01-19,2026-01-25,4,1,January,2026-01-01,2026-01,Q1,2026,1,Q1,2026,1,0,,0,0.0,Actual
20260125,2026-01-25,Sunday,7,2026-01-19,2026-01-25,4,1,January,2026-01-01,2026-01,Q1,2026,1,Q1,2026,1,0,,0,0.0,Actual
20260126,2026-01-26,Monday,1,2026-01-26,2026-02-01,5,1,January,2026-01-01,2026-01,Q1,2026,1,Q1,2026,0,0,,1,8.0,Actual
20260127,2026-01-27,Tuesday,2,2026-01-26,2026-02-01,5,1,January,2026-01-01,2026-01,Q1,2026,1,Q1,2026,0,0,,1,8.0,Actual
20260128,2026-01-28,Wednesday,3,2026-01-26,2026-02-01,5,1,January,2026-01-01,2026-01,Q1,2026,1,Q1,2026,0,0,,1,8.0,Actual
20260129,2026-01-29,Thursday,4,2026-01-26,2026-02-01,5,1,January,2026-01-01,2026-01,Q1,2026,1,Q1,2026,0,0,,1,8.0,Actual
20260130,2026-01-30,Friday,5,2026-01-26,2026-02-01,5,1,January,2026-01-01,2026-01,Q1,2026,1,Q1,2026,0,0,,1,8.0,Actual
20260131,2026-01-31,Saturday,6,2026-01-26,2026-02-01,5,1,January,2026-01-01,2026-01,Q1,2026,1,Q1,2026,1,0,,0,0.0,Actual
20260201,2026-02-01,Sunday,7,2026-01-26,2026-02-01,5,2,February,2026-02-01,2026-02,Q1,2026,2,Q1,2026,1,0,,0,0.0,Actual
20260202,2026-02-02,Monday,1,2026-02-02,2026-02-08,6,2,February,2026-02-01,2026-02,Q1,2026,2,Q1,2026,0,0,,1,8.0,Actual
20260203,2026-02-03,Tuesday,2,2026-02-02,2026-02-08,6,2,February,2026-02-01,2026-02,Q1,2026,2,Q1,2026,0,0,,1,8.0,Actual
20260204,2026-02-04,Wednesday,3,2026-02-02,2026-02-08,6,2,February,2026-02-01,2026-02,Q1,2026,2,Q1,2026,0,0,,1,8.0,Actual
20260205,2026-02-05,Thursday,4,2026-02-02,2026-02-08,6,2,February,2026-02-01,2026-02,Q1,2026,2,Q1,2026,0,0,,1,8.0,Actual
20260206,2026-02-06,Friday,5,2026-02-02,2026-02-08,6,2,February,2026-02-01,2026-02,Q1,2026,2,Q1,2026,0,0,,1,8.0,Actual
20260207,2026-02-07,Saturday,6,2026-02-02,2026-02-08,6,2,February,2026-02-01,2026-02,Q1,2026,2,Q1,2026,1,0,,0,0.0,Actual
20260208,2026-02-08,Sunday,7,2026-02-02,2026-02-08,6,2,February,2026-02-01,2026-02,Q1,2026,2,Q1,2026,1,0,,0,0.0,Actual
20260209,2026-02-09,Monday,1,2026-02-09,2026-02-15,7,2,February,2026-02-01,2026-02,Q1,2026,2,Q1,2026,0,0,,1,8.0,Actual
20260210,2026-02-10,Tuesday,2,2026-02-09,2026-02-15,7,2,February,2026-02-01,2026-02,Q1,2026,2,Q1,2026,0,0,,1,8.0,Actual
20260211,2026-02-11,Wednesday,3,2026-02-09,2026-02-15,7,2,February,2026-02-01,2026-02,Q1,2026,2,Q1,2026,0,0,,1,8.0,Actual
20260212,2026-02-12,Thursday,4,2026-02-09,2026-02-15,7,2,February,2026-02-01,2026-02,Q1,2026,2,Q1,2026,0,0,,1,8.0,Actual
20260213,2026-02-13,Friday,5,2026-02-09,2026-02-15,7,2,February,2026-02-01,2026-02,Q1,2026,2,Q1,2026,0,0,,1,8.0,Actual
20260214,2026-02-14,Saturday,6,2026-02-09,2026-02-15,7,2,February,2026-02-01,2026-02,Q1,2026,2,Q1,2026,1,0,,0,0.0,Actual
20260215,2026-02-15,Sunday,7,2026-02-09,2026-02-15,7,2,February,2026-02-01,2026-02,Q1,2026,2,Q1,2026,1,0,,0,0.0,Actual
20260216,2026-02-16,Monday,1,2026-02-16,2026-02-22,8,2,February,2026-02-01,2026-02,Q1,2026,2,Q1,2026,0,0,,1,8.0,Actual
20260217,2026-02-17,Tuesday,2,2026-02-16,2026-02-22,8,2,February,2026-02-01,2026-02,Q1,2026,2,Q1,2026,0,0,,1,8.0,Actual
20260218,2026-02-18,Wednesday,3,2026-02-16,2026-02-22,8,2,February,2026-02-01,2026-02,Q1,2026,2,Q1,2026,0,0,,1,8.0,Actual
20260219,2026-02-19,Thursday,4,2026-02-16,2026-02-22,8,2,February,2026-02-01,2026-02,Q1,2026,2,Q1,2026,0,0,,1,8.0,Actual
20260220,2026-02-20,Friday,5,2026-02-16,2026-02-22,8,2,February,2026-02-01,2026-02,Q1,2026,2,Q1,2026,0,0,,1,8.0,Actual
20260221,2026-02-21,Saturday,6,2026-02-16,2026-02-22,8,2,February,2026-02-01,2026-02,Q1,2026,2,Q1,2026,1,0,,0,0.0,Actual
20260222,2026-02-22,Sunday,7,2026-02-16,2026-02-22,8,2,February,2026-02-01,2026-02,Q1,2026,2,Q1,2026,1,0,,0,0.0,Actual
20260223,2026-02-23,Monday,1,2026-02-23,2026-03-01,9,2,February,2026-02-01,2026-02,Q1,2026,2,Q1,2026,0,0,,1,8.0,Actual
20260224,2026-02-24,Tuesday,2,2026-02-23,2026-03-01,9,2,February,2026-02-01,2026-02,Q1,2026,2,Q1,2026,0,0,,1,8.0,Actual
20260225,2026-02-25,Wednesday,3,2026-02-23,2026-03-01,9,2,February,2026-02-01,2026-02,Q1,2026,2,Q1,2026,0,0,,1,8.0,Actual
20260226,2026-02-26,Thursday,4,2026-02-23,2026-03-01,9,2,February,2026-02-01,2026-02,Q1,2026,2,Q1,2026,0,0,,1,8.0,Actual
20260227,2026-02-27,Friday,5,2026-02-23,2026-03-01,9,2,February,2026-02-01,2026-02,Q1,2026,2,Q1,2026,0,0,,1,8.0,Actual
20260228,2026-02-28,Saturday,6,2026-02-23,2026-03-01,9,2,February,2026-02-01,2026-02,Q1,2026,2,Q1,2026,1,0,,0,0.0,Actual
20260301,2026-03-01,Sunday,7,2026-02-23,2026-03-01,9,3,March,2026-03-01,2026-03,Q1,2026,3,Q1,2026,1,0,,0,0.0,Actual
20260302,2026-03-02,Monday,1,2026-03-02,2026-03-08,10,3,March,2026-03-01,2026-03,Q1,2026,3,Q1,2026,0,0,,1,8.0,Actual
20260303,2026-03-03,Tuesday,2,2026-03-02,2026-03-08,10,3,March,2026-03-01,2026-03,Q1,2026,3,Q1,2026,0,0,,1,8.0,Actual
20260304,2026-03-04,Wednesday,3,2026-03-02,2026-03-08,10,3,March,2026-03-01,2026-03,Q1,2026,3,Q1,2026,0,0,,1,8.0,Actual
20260305,2026-03-05,Thursday,4,2026-03-02,2026-03-08,10,3,March,2026-03-01,2026-03,Q1,2026,3,Q1,2026,0,0,,1,8.0,Actual
20260306,2026-03-06,Friday,5,2026-03-02,2026-03-08,10,3,March,2026-03-01,2026-03,Q1,2026,3,Q1,2026,0,0,,1,8.0,Actual
20260307,2026-03-07,Saturday,6,2026-03-02,2026-03-08,10,3,March,2026-03-01,2026-03,Q1,2026,3,Q1,2026,1,0,,0,0.0,Actual
20260308,2026-03-08,Sunday,7,2026-03-02,2026-03-08,10,3,March,2026-03-01,2026-03,Q1,2026,3,Q1,2026,1,0,,0,0.0,Actual
20260309,2026-03-09,Monday,1,2026-03-09,2026-03-15,11,3,March,2026-03-01,2026-03,Q1,2026,3,Q1,2026,0,0,,1,8.0,Actual
20260310,2026-03-10,Tuesday,2,2026-03-09,2026-03-15,11,3,March,2026-03-01,2026-03,Q1,2026,3,Q1,2026,0,0,,1,8.0,Actual
20260311,2026-03-11,Wednesday,3,2026-03-09,2026-03-15,11,3,March,2026-03-01,2026-03,Q1,2026,3,Q1,2026,0,0,,1,8.0,Actual
20260312,2026-03-12,Thursday,4,2026-03-09,2026-03-15,11,3,March,2026-03-01,2026-03,Q1,2026,3,Q1,2026,0,0,,1,8.0,Actual
20260313,2026-03-13,Friday,5,2026-03-09,2026-03-15,11,3,March,2026-03-01,2026-03,Q1,2026,3,Q1,2026,0,0,,1,8.0,Actual
20260314,2026-03-14,Saturday,6,2026-03-09,2026-03-15,11,3,March,2026-03-01,2026-03,Q1,2026,3,Q1,2026,1,0,,0,0.0,Actual
20260315,2026-03-15,Sunday,7,2026-03-09,2026-03-15,11,3,March,2026-03-01,2026-03,Q1,2026,3,Q1,2026,1,0,,0,0.0,Actual
20260316,2026-03-16,Monday,1,2026-03-16,2026-03-22,12,3,March,2026-03-01,2026-03,Q1,2026,3,Q1,2026,0,0,,1,8.0,Actual
20260317,2026-03-17,Tuesday,2,2026-03-16,2026-03-22,12,3,March,2026-03-01,2026-03,Q1,2026,3,Q1,2026,0,0,,1,8.0,Actual
20260318,2026-03-18,Wednesday,3,2026-03-16,2026-03-22,12,3,March,2026-03-01,2026-03,Q1,2026,3,Q1,2026,0,0,,1,8.0,Actual
20260319,2026-03-19,Thursday,4,2026-03-16,2026-03-22,12,3,March,2026-03-01,2026-03,Q1,2026,3,Q1,2026,0,0,,1,8.0,Actual
20260320,2026-03-20,Friday,5,2026-03-16,2026-03-22,12,3,March,2026-03-01,2026-03,Q1,2026,3,Q1,2026,0,0,,1,8.0,Actual
20260321,2026-03-21,Saturday,6,2026-03-16,2026-03-22,12,3,March,2026-03-01,2026-03,Q1,2026,3,Q1,2026,1,0,,0,0.0,Actual
20260322,2026-03-22,Sunday,7,2026-03-16,2026-03-22,12,3,March,2026-03-01,2026-03,Q1,2026,3,Q1,2026,1,0,,0,0.0,Actual
20260323,2026-03-23,Monday,1,2026-03-23,2026-03-29,13,3,March,2026-03-01,2026-03,Q1,2026,3,Q1,2026,0,0,,1,8.0,Actual
20260324,2026-03-24,Tuesday,2,2026-03-23,2026-03-29,13,3,March,2026-03-01,2026-03,Q1,2026,3,Q1,2026,0,0,,1,8.0,Actual
20260325,2026-03-25,Wednesday,3,2026-03-23,2026-03-29,13,3,March,2026-03-01,2026-03,Q1,2026,3,Q1,2026,0,0,,1,8.0,Actual
20260326,2026-03-26,Thursday,4,2026-03-23,2026-03-29,13,3,March,2026-03-01,2026-03,Q1,2026,3,Q1,2026,0,0,,1,8.0,Actual
20260327,2026-03-27,Friday,5,2026-03-23,2026-03-29,13,3,March,2026-03-01,2026-03,Q1,2026,3,Q1,2026,0,0,,1,8.0,Actual
20260328,2026-03-28,Saturday,6,2026-03-23,2026-03-29,13,3,March,2026-03-01,2026-03,Q1,2026,3,Q1,2026,1,0,,0,0.0,Actual
20260329,2026-03-29,Sunday,7,2026-03-23,2026-03-29,13,3,March,2026-03-01,2026-03,Q1,2026,3,Q1,2026,1,0,,0,0.0,Actual
20260330,2026-03-30,Monday,1,2026-03-30,2026-04-05,14,3,March,2026-03-01,2026-03,Q1,2026,3,Q1,2026,0,0,,1,8.0,Actual
20260331,2026-03-31,Tuesday,2,2026-03-30,2026-04-05,14,3,March,2026-03-01,2026-03,Q1,2026,3,Q1,2026,0,0,,1,8.0,Actual
20260401,2026-04-01,Wednesday,3,2026-03-30,2026-04-05,14,4,April,2026-04-01,2026-04,Q2,2026,4,Q2,2026,0,0,,1,8.0,Actual
20260402,2026-04-02,Thursday,4,2026-03-30,2026-04-05,14,4,April,2026-04-01,2026-04,Q2,2026,4,Q2,2026,0,0,,1,8.0,Actual
20260403,2026-04-03,Friday,5,2026-03-30,2026-04-05,14,4,April,2026-04-01,2026-04,Q2,2026,4,Q2,2026,0,0,,1,8.0,Actual
20260404,2026-04-04,Saturday,6,2026-03-30,2026-04-05,14,4,April,2026-04-01,2026-04,Q2,2026,4,Q2,2026,1,0,,0,0.0,Actual
20260405,2026-04-05,Sunday,7,2026-03-30,2026-04-05,14,4,April,2026-04-01,2026-04,Q2,2026,4,Q2,2026,1,0,,0,0.0,Actual
20260406,2026-04-06,Monday,1,2026-04-06,2026-04-12,15,4,April,2026-04-01,2026-04,Q2,2026,4,Q2,2026,0,0,,1,8.0,Actual
20260407,2026-04-07,Tuesday,2,2026-04-06,2026-04-12,15,4,April,2026-04-01,2026-04,Q2,2026,4,Q2,2026,0,0,,1,8.0,Actual
20260408,2026-04-08,Wednesday,3,2026-04-06,2026-04-12,15,4,April,2026-04-01,2026-04,Q2,2026,4,Q2,2026,0,0,,1,8.0,Actual
20260409,2026-04-09,Thursday,4,2026-04-06,2026-04-12,15,4,April,2026-04-01,2026-04,Q2,2026,4,Q2,2026,0,0,,1,8.0,Actual
20260410,2026-04-10,Friday,5,2026-04-06,2026-04-12,15,4,April,2026-04-01,2026-04,Q2,2026,4,Q2,2026,0,0,,1,8.0,Actual
20260411,2026-04-11,Saturday,6,2026-04-06,2026-04-12,15,4,April,2026-04-01,2026-04,Q2,2026,4,Q2,2026,1,0,,0,0.0,Actual
20260412,2026-04-12,Sunday,7,2026-04-06,2026-04-12,15,4,April,2026-04-01,2026-04,Q2,2026,4,Q2,2026,1,0,,0,0.0,Actual
20260413,2026-04-13,Monday,1,2026-04-13,2026-04-19,16,4,April,2026-04-01,2026-04,Q2,2026,4,Q2,2026,0,0,,1,8.0,Actual
20260414,2026-04-14,Tuesday,2,2026-04-13,2026-04-19,16,4,April,2026-04-01,2026-04,Q2,2026,4,Q2,2026,0,0,,1,8.0,Actual
20260415,2026-04-15,Wednesday,3,2026-04-13,2026-04-19,16,4,April,2026-04-01,2026-04,Q2,2026,4,Q2,2026,0,0,,1,8.0,Actual
20260416,2026-04-16,Thursday,4,2026-04-13,2026-04-19,16,4,April,2026-04-01,2026-04,Q2,2026,4,Q2,2026,0,0,,1,8.0,Actual
20260417,2026-04-17,Friday,5,2026-04-13,2026-04-19,16,4,April,2026-04-01,2026-04,Q2,2026,4,Q2,2026,0,0,,1,8.0,Actual
20260418,2026-04-18,Saturday,6,2026-04-13,2026-04-19,16,4,April,2026-04-01,2026-04,Q2,2026,4,Q2,2026,1,0,,0,0.0,Actual
20260419,2026-04-19,Sunday,7,2026-04-13,2026-04-19,16,4,April,2026-04-01,2026-04,Q2,2026,4,Q2,2026,1,0,,0,0.0,Actual
20260420,2026-04-20,Monday,1,2026-04-20,2026-04-26,17,4,April,2026-04-01,2026-04,Q2,2026,4,Q2,2026,0,0,,1,8.0,Actual
20260421,2026-04-21,Tuesday,2,2026-04-20,2026-04-26,17,4,April,2026-04-01,2026-04,Q2,2026,4,Q2,2026,0,0,,1,8.0,Actual
20260422,2026-04-22,Wednesday,3,2026-04-20,2026-04-26,17,4,April,2026-04-01,2026-04,Q2,2026,4,Q2,2026,0,0,,1,8.0,Actual
20260423,2026-04-23,Thursday,4,2026-04-20,2026-04-26,17,4,April,2026-04-01,2026-04,Q2,2026,4,Q2,2026,0,0,,1,8.0,Actual
20260424,2026-04-24,Friday,5,2026-04-20,2026-04-26,17,4,April,2026-04-01,2026-04,Q2,2026,4,Q2,2026,0,0,,1,8.0,Actual
20260425,2026-04-25,Saturday,6,2026-04-20,2026-04-26,17,4,April,2026-04-01,2026-04,Q2,2026,4,Q2,2026,1,0,,0,0.0,Actual
20260426,2026-04-26,Sunday,7,2026-04-20,2026-04-26,17,4,April,2026-04-01,2026-04,Q2,2026,4,Q2,2026,1,0,,0,0.0,Actual
20260427,2026-04-27,Monday,1,2026-04-27,2026-05-03,18,4,April,2026-04-01,2026-04,Q2,2026,4,Q2,2026,0,0,,1,8.0,Actual
20260428,2026-04-28,Tuesday,2,2026-04-27,2026-05-03,18,4,April,2026-04-01,2026-04,Q2,2026,4,Q2,2026,0,0,,1,8.0,Actual
20260429,2026-04-29,Wednesday,3,2026-04-27,2026-05-03,18,4,April,2026-04-01,2026-04,Q2,2026,4,Q2,2026,0,0,,1,8.0,Actual
20260430,2026-04-30,Thursday,4,2026-04-27,2026-05-03,18,4,April,2026-04-01,2026-04,Q2,2026,4,Q2,2026,0,0,,1,8.0,Actual
20260501,2026-05-01,Friday,5,2026-04-27,2026-05-03,18,5,May,2026-05-01,2026-05,Q2,2026,5,Q2,2026,0,0,,1,8.0,Actual
20260502,2026-05-02,Saturday,6,2026-04-27,2026-05-03,18,5,May,2026-05-01,2026-05,Q2,2026,5,Q2,2026,1,0,,0,0.0,Actual
20260503,2026-05-03,Sunday,7,2026-04-27,2026-05-03,18,5,May,2026-05-01,2026-05,Q2,2026,5,Q2,2026,1,0,,0,0.0,Actual
20260504,2026-05-04,Monday,1,2026-05-04,2026-05-10,19,5,May,2026-05-01,2026-05,Q2,2026,5,Q2,2026,0,0,,1,8.0,Actual
20260505,2026-05-05,Tuesday,2,2026-05-04,2026-05-10,19,5,May,2026-05-01,2026-05,Q2,2026,5,Q2,2026,0,0,,1,8.0,Actual
20260506,2026-05-06,Wednesday,3,2026-05-04,2026-05-10,19,5,May,2026-05-01,2026-05,Q2,2026,5,Q2,2026,0,0,,1,8.0,Actual
20260507,2026-05-07,Thursday,4,2026-05-04,2026-05-10,19,5,May,2026-05-01,2026-05,Q2,2026,5,Q2,2026,0,0,,1,8.0,Actual
20260508,2026-05-08,Friday,5,2026-05-04,2026-05-10,19,5,May,2026-05-01,2026-05,Q2,2026,5,Q2,2026,0,0,,1,8.0,Actual
20260509,2026-05-09,Saturday,6,2026-05-04,2026-05-10,19,5,May,2026-05-01,2026-05,Q2,2026,5,Q2,2026,1,0,,0,0.0,Actual
20260510,2026-05-10,Sunday,7,2026-05-04,2026-05-10,19,5,May,2026-05-01,2026-05,Q2,2026,5,Q2,2026,1,0,,0,0.0,Actual
20260511,2026-05-11,Monday,1,2026-05-11,2026-05-17,20,5,May,2026-05-01,2026-05,Q2,2026,5,Q2,2026,0,0,,1,8.0,Actual
20260512,2026-05-12,Tuesday,2,2026-05-11,2026-05-17,20,5,May,2026-05-01,2026-05,Q2,2026,5,Q2,2026,0,0,,1,8.0,Actual
20260513,2026-05-13,Wednesday,3,2026-05-11,2026-05-17,20,5,May,2026-05-01,2026-05,Q2,2026,5,Q2,2026,0,0,,1,8.0,Actual
20260514,2026-05-14,Thursday,4,2026-05-11,2026-05-17,20,5,May,2026-05-01,2026-05,Q2,2026,5,Q2,2026,0,0,,1,8.0,Actual
20260515,2026-05-15,Friday,5,2026-05-11,2026-05-17,20,5,May,2026-05-01,2026-05,Q2,2026,5,Q2,2026,0,0,,1,8.0,Actual
20260516,2026-05-16,Saturday,6,2026-05-11,2026-05-17,20,5,May,2026-05-01,2026-05,Q2,2026,5,Q2,2026,1,0,,0,0.0,Actual
20260517,2026-05-17,Sunday,7,2026-05-11,2026-05-17,20,5,May,2026-05-01,2026-05,Q2,2026,5,Q2,2026,1,0,,0,0.0,Actual
20260518,2026-05-18,Monday,1,2026-05-18,2026-05-24,21,5,May,2026-05-01,2026-05,Q2,2026,5,Q2,2026,0,0,,1,8.0,Actual
20260519,2026-05-19,Tuesday,2,2026-05-18,2026-05-24,21,5,May,2026-05-01,2026-05,Q2,2026,5,Q2,2026,0,0,,1,8.0,Actual
20260520,2026-05-20,Wednesday,3,2026-05-18,2026-05-24,21,5,May,2026-05-01,2026-05,Q2,2026,5,Q2,2026,0,0,,1,8.0,Actual
20260521,2026-05-21,Thursday,4,2026-05-18,2026-05-24,21,5,May,2026-05-01,2026-05,Q2,2026,5,Q2,2026,0,0,,1,8.0,Actual
20260522,2026-05-22,Friday,5,2026-05-18,2026-05-24,21,5,May,2026-05-01,2026-05,Q2,2026,5,Q2,2026,0,0,,1,8.0,Actual
20260523,2026-05-23,Saturday,6,2026-05-18,2026-05-24,21,5,May,2026-05-01,2026-05,Q2,2026,5,Q2,2026,1,0,,0,0.0,Actual
20260524,2026-05-24,Sunday,7,2026-05-18,2026-05-24,21,5,May,2026-05-01,2026-05,Q2,2026,5,Q2,2026,1,0,,0,0.0,Actual
20260525,2026-05-25,Monday,1,2026-05-25,2026-05-31,22,5,May,2026-05-01,2026-05,Q2,2026,5,Q2,2026,0,0,,1,8.0,Actual
20260526,2026-05-26,Tuesday,2,2026-05-25,2026-05-31,22,5,May,2026-05-01,2026-05,Q2,2026,5,Q2,2026,0,0,,1,8.0,Actual
20260527,2026-05-27,Wednesday,3,2026-05-25,2026-05-31,22,5,May,2026-05-01,2026-05,Q2,2026,5,Q2,2026,0,0,,1,8.0,Actual
20260528,2026-05-28,Thursday,4,2026-05-25,2026-05-31,22,5,May,2026-05-01,2026-05,Q2,2026,5,Q2,2026,0,0,,1,8.0,Actual
20260529,2026-05-29,Friday,5,2026-05-25,2026-05-31,22,5,May,2026-05-01,2026-05,Q2,2026,5,Q2,2026,0,0,,1,8.0,Actual
20260530,2026-05-30,Saturday,6,2026-05-25,2026-05-31,22,5,May,2026-05-01,2026-05,Q2,2026,5,Q2,2026,1,0,,0,0.0,Actual
20260531,2026-05-31,Sunday,7,2026-05-25,2026-05-31,22,5,May,2026-05-01,2026-05,Q2,2026,5,Q2,2026,1,0,,0,0.0,Actual
20260601,2026-06-01,Monday,1,2026-06-01,2026-06-07,23,6,June,2026-06-01,2026-06,Q2,2026,6,Q2,2026,0,0,,1,8.0,Actual
20260602,2026-06-02,Tuesday,2,2026-06-01,2026-06-07,23,6,June,2026-06-01,2026-06,Q2,2026,6,Q2,2026,0,0,,1,8.0,Actual
20260603,2026-06-03,Wednesday,3,2026-06-01,2026-06-07,23,6,June,2026-06-01,2026-06,Q2,2026,6,Q2,2026,0,0,,1,8.0,Actual
20260604,2026-06-04,Thursday,4,2026-06-01,2026-06-07,23,6,June,2026-06-01,2026-06,Q2,2026,6,Q2,2026,0,0,,1,8.0,Actual
20260605,2026-06-05,Friday,5,2026-06-01,2026-06-07,23,6,June,2026-06-01,2026-06,Q2,2026,6,Q2,2026,0,0,,1,8.0,Actual
20260606,2026-06-06,Saturday,6,2026-06-01,2026-06-07,23,6,June,2026-06-01,2026-06,Q2,2026,6,Q2,2026,1,0,,0,0.0,Actual
20260607,2026-06-07,Sunday,7,2026-06-01,2026-06-07,23,6,June,2026-06-01,2026-06,Q2,2026,6,Q2,2026,1,0,,0,0.0,Actual
20260608,2026-06-08,Monday,1,2026-06-08,2026-06-14,24,6,June,2026-06-01,2026-06,Q2,2026,6,Q2,2026,0,0,,1,8.0,Actual
20260609,2026-06-09,Tuesday,2,2026-06-08,2026-06-14,24,6,June,2026-06-01,2026-06,Q2,2026,6,Q2,2026,0,0,,1,8.0,Actual
20260610,2026-06-10,Wednesday,3,2026-06-08,2026-06-14,24,6,June,2026-06-01,2026-06,Q2,2026,6,Q2,2026,0,0,,1,8.0,Actual
20260611,2026-06-11,Thursday,4,2026-06-08,2026-06-14,24,6,June,2026-06-01,2026-06,Q2,2026,6,Q2,2026,0,0,,1,8.0,Actual
20260612,2026-06-12,Friday,5,2026-06-08,2026-06-14,24,6,June,2026-06-01,2026-06,Q2,2026,6,Q2,2026,0,0,,1,8.0,Actual
20260613,2026-06-13,Saturday,6,2026-06-08,2026-06-14,24,6,June,2026-06-01,2026-06,Q2,2026,6,Q2,2026,1,0,,0,0.0,Actual
20260614,2026-06-14,Sunday,7,2026-06-08,2026-06-14,24,6,June,2026-06-01,2026-06,Q2,2026,6,Q2,2026,1,0,,0,0.0,Actual
20260615,2026-06-15,Monday,1,2026-06-15,2026-06-21,25,6,June,2026-06-01,2026-06,Q2,2026,6,Q2,2026,0,0,,1,8.0,Actual
20260616,2026-06-16,Tuesday,2,2026-06-15,2026-06-21,25,6,June,2026-06-01,2026-06,Q2,2026,6,Q2,2026,0,0,,1,8.0,Actual
20260617,2026-06-17,Wednesday,3,2026-06-15,2026-06-21,25,6,June,2026-06-01,2026-06,Q2,2026,6,Q2,2026,0,0,,1,8.0,Actual
20260618,2026-06-18,Thursday,4,2026-06-15,2026-06-21,25,6,June,2026-06-01,2026-06,Q2,2026,6,Q2,2026,0,0,,1,8.0,Actual
20260619,2026-06-19,Friday,5,2026-06-15,2026-06-21,25,6,June,2026-06-01,2026-06,Q2,2026,6,Q2,2026,0,0,,1,8.0,Actual
20260620,2026-06-20,Saturday,6,2026-06-15,2026-06-21,25,6,June,2026-06-01,2026-06,Q2,2026,6,Q2,2026,1,0,,0,0.0,Actual
20260621,2026-06-21,Sunday,7,2026-06-15,2026-06-21,25,6,June,2026-06-01,2026-06,Q2,2026,6,Q2,2026,1,0,,0,0.0,Actual
20260622,2026-06-22,Monday,1,2026-06-22,2026-06-28,26,6,June,2026-06-01,2026-06,Q2,2026,6,Q2,2026,0,0,,1,8.0,Actual
20260623,2026-06-23,Tuesday,2,2026-06-22,2026-06-28,26,6,June,2026-06-01,2026-06,Q2,2026,6,Q2,2026,0,0,,1,8.0,Actual
20260624,2026-06-24,Wednesday,3,2026-06-22,2026-06-28,26,6,June,2026-06-01,2026-06,Q2,2026,6,Q2,2026,0,0,,1,8.0,Actual
20260625,2026-06-25,Thursday,4,2026-06-22,2026-06-28,26,6,June,2026-06-01,2026-06,Q2,2026,6,Q2,2026,0,0,,1,8.0,Actual
20260626,2026-06-26,Friday,5,2026-06-22,2026-06-28,26,6,June,2026-06-01,2026-06,Q2,2026,6,Q2,2026,0,0,,1,8.0,Actual
20260627,2026-06-27,Saturday,6,2026-06-22,2026-06-28,26,6,June,2026-06-01,2026-06,Q2,2026,6,Q2,2026,1,0,,0,0.0,Actual
20260628,2026-06-28,Sunday,7,2026-06-22,2026-06-28,26,6,June,2026-06-01,2026-06,Q2,2026,6,Q2,2026,1,0,,0,0.0,Actual
20260629,2026-06-29,Monday,1,2026-06-29,2026-07-05,27,6,June,2026-06-01,2026-06,Q2,2026,6,Q2,2026,0,0,,1,8.0,Actual
20260630,2026-06-30,Tuesday,2,2026-06-29,2026-07-05,27,6,June,2026-06-01,2026-06,Q2,2026,6,Q2,2026,0,0,,1,8.0,Actual
20260701,2026-07-01,Wednesday,3,2026-06-29,2026-07-05,27,7,July,2026-07-01,2026-07,Q3,2026,7,Q3,2026,0,0,,1,8.0,Actual
20260702,2026-07-02,Thursday,4,2026-06-29,2026-07-05,27,7,July,2026-07-01,2026-07,Q3,2026,7,Q3,2026,0,0,,1,8.0,Actual
20260703,2026-07-03,Friday,5,2026-06-29,2026-07-05,27,7,July,2026-07-01,2026-07,Q3,2026,7,Q3,2026,0,0,,1,8.0,Actual
20260704,2026-07-04,Saturday,6,2026-06-29,2026-07-05,27,7,July,2026-07-01,2026-07,Q3,2026,7,Q3,2026,1,1,Independence Day,0,0.0,Actual
20260705,2026-07-05,Sunday,7,2026-06-29,2026-07-05,27,7,July,2026-07-01,2026-07,Q3,2026,7,Q3,2026,1,0,,0,0.0,Actual
20260706,2026-07-06,Monday,1,2026-07-06,2026-07-12,28,7,July,2026-07-01,2026-07,Q3,2026,7,Q3,2026,0,0,,1,8.0,Actual
20260707,2026-07-07,Tuesday,2,2026-07-06,2026-07-12,28,7,July,2026-07-01,2026-07,Q3,2026,7,Q3,2026,0,0,,1,8.0,Actual
20260708,2026-07-08,Wednesday,3,2026-07-06,2026-07-12,28,7,July,2026-07-01,2026-07,Q3,2026,7,Q3,2026,0,0,,1,8.0,Actual
20260709,2026-07-09,Thursday,4,2026-07-06,2026-07-12,28,7,July,2026-07-01,2026-07,Q3,2026,7,Q3,2026,0,0,,1,8.0,Actual
20260710,2026-07-10,Friday,5,2026-07-06,2026-07-12,28,7,July,2026-07-01,2026-07,Q3,2026,7,Q3,2026,0,0,,1,8.0,Actual
20260711,2026-07-11,Saturday,6,2026-07-06,2026-07-12,28,7,July,2026-07-01,2026-07,Q3,2026,7,Q3,2026,1,0,,0,0.0,Actual
20260712,2026-07-12,Sunday,7,2026-07-06,2026-07-12,28,7,July,2026-07-01,2026-07,Q3,2026,7,Q3,2026,1,0,,0,0.0,Actual
20260713,2026-07-13,Monday,1,2026-07-13,2026-07-19,29,7,July,2026-07-01,2026-07,Q3,2026,7,Q3,2026,0,0,,1,8.0,Actual
20260714,2026-07-14,Tuesday,2,2026-07-13,2026-07-19,29,7,July,2026-07-01,2026-07,Q3,2026,7,Q3,2026,0,0,,1,8.0,Actual
20260715,2026-07-15,Wednesday,3,2026-07-13,2026-07-19,29,7,July,2026-07-01,2026-07,Q3,2026,7,Q3,2026,0,0,,1,8.0,Actual
20260716,2026-07-16,Thursday,4,2026-07-13,2026-07-19,29,7,July,2026-07-01,2026-07,Q3,2026,7,Q3,2026,0,0,,1,8.0,Actual
20260717,2026-07-17,Friday,5,2026-07-13,2026-07-19,29,7,July,2026-07-01,2026-07,Q3,2026,7,Q3,2026,0,0,,1,8.0,Actual
20260718,2026-07-18,Saturday,6,2026-07-13,2026-07-19,29,7,July,2026-07-01,2026-07,Q3,2026,7,Q3,2026,1,0,,0,0.0,Actual
20260719,2026-07-19,Sunday,7,2026-07-13,2026-07-19,29,7,July,2026-07-01,2026-07,Q3,2026,7,Q3,2026,1,0,,0,0.0,Actual
20260720,2026-07-20,Monday,1,2026-07-20,2026-07-26,30,7,July,2026-07-01,2026-07,Q3,2026,7,Q3,2026,0,0,,1,8.0,Actual
20260721,2026-07-21,Tuesday,2,2026-07-20,2026-07-26,30,7,July,2026-07-01,2026-07,Q3,2026,7,Q3,2026,0,0,,1,8.0,Actual
20260722,2026-07-22,Wednesday,3,2026-07-20,2026-07-26,30,7,July,2026-07-01,2026-07,Q3,2026,7,Q3,2026,0,0,,1,8.0,Actual
20260723,2026-07-23,Thursday,4,2026-07-20,2026-07-26,30,7,July,2026-07-01,2026-07,Q3,2026,7,Q3,2026,0,0,,1,8.0,Actual
20260724,2026-07-24,Friday,5,2026-07-20,2026-07-26,30,7,July,2026-07-01,2026-07,Q3,2026,7,Q3,2026,0,0,,1,8.0,Actual
20260725,2026-07-25,Saturday,6,2026-07-20,2026-07-26,30,7,July,2026-07-01,2026-07,Q3,2026,7,Q3,2026,1,0,,0,0.0,Actual
20260726,2026-07-26,Sunday,7,2026-07-20,2026-07-26,30,7,July,2026-07-01,2026-07,Q3,2026,7,Q3,2026,1,0,,0,0.0,Actual
20260727,2026-07-27,Monday,1,2026-07-27,2026-08-02,31,7,July,2026-07-01,2026-07,Q3,2026,7,Q3,2026,0,0,,1,8.0,Actual
20260728,2026-07-28,Tuesday,2,2026-07-27,2026-08-02,31,7,July,2026-07-01,2026-07,Q3,2026,7,Q3,2026,0,0,,1,8.0,Actual
20260729,2026-07-29,Wednesday,3,2026-07-27,2026-08-02,31,7,July,2026-07-01,2026-07,Q3,2026,7,Q3,2026,0,0,,1,8.0,Actual
20260730,2026-07-30,Thursday,4,2026-07-27,2026-08-02,31,7,July,2026-07-01,2026-07,Q3,2026,7,Q3,2026,0,0,,1,8.0,Actual
20260731,2026-07-31,Friday,5,2026-07-27,2026-08-02,31,7,July,2026-07-01,2026-07,Q3,2026,7,Q3,2026,0,0,,1,8.0,Actual
20260801,2026-08-01,Saturday,6,2026-07-27,2026-08-02,31,8,August,2026-08-01,2026-08,Q3,2026,8,Q3,2026,1,0,,0,0.0,Actual
20260802,2026-08-02,Sunday,7,2026-07-27,2026-08-02,31,8,August,2026-08-01,2026-08,Q3,2026,8,Q3,2026,1,0,,0,0.0,Actual
20260803,2026-08-03,Monday,1,2026-08-03,2026-08-09,32,8,August,2026-08-01,2026-08,Q3,2026,8,Q3,2026,0,0,,1,8.0,Actual
20260804,2026-08-04,Tuesday,2,2026-08-03,2026-08-09,32,8,August,2026-08-01,2026-08,Q3,2026,8,Q3,2026,0,0,,1,8.0,Actual
20260805,2026-08-05,Wednesday,3,2026-08-03,2026-08-09,32,8,August,2026-08-01,2026-08,Q3,2026,8,Q3,2026,0,0,,1,8.0,Actual
20260806,2026-08-06,Thursday,4,2026-08-03,2026-08-09,32,8,August,2026-08-01,2026-08,Q3,2026,8,Q3,2026,0,0,,1,8.0,Actual
20260807,2026-08-07,Friday,5,2026-08-03,2026-08-09,32,8,August,2026-08-01,2026-08,Q3,2026,8,Q3,2026,0,0,,1,8.0,Actual
20260808,2026-08-08,Saturday,6,2026-08-03,2026-08-09,32,8,August,2026-08-01,2026-08,Q3,2026,8,Q3,2026,1,0,,0,0.0,Actual
20260809,2026-08-09,Sunday,7,2026-08-03,2026-08-09,32,8,August,2026-08-01,2026-08,Q3,2026,8,Q3,2026,1,0,,0,0.0,Actual
20260810,2026-08-10,Monday,1,2026-08-10,2026-08-16,33,8,August,2026-08-01,2026-08,Q3,2026,8,Q3,2026,0,0,,1,8.0,Actual
20260811,2026-08-11,Tuesday,2,2026-08-10,2026-08-16,33,8,August,2026-08-01,2026-08,Q3,2026,8,Q3,2026,0,0,,1,8.0,Actual
