WorkforcePlanRecordID,MonthStartDateKey,TeamKey,SkillKey,Location,RequiredFTE,ActualFTE,OpenDemandFTE,ContractorFTE,CapacityGapFTE,AvailableCapacityHours,RequiredCapacityHours
WFP-000001,20240101,1,1,"Atlanta, GA",4.66,4.0,0.66,2.0,-0.66,640.0,745.6
WFP-000002,20240101,1,1,"Phoenix, AZ",3.49,3.0,0.49,0.0,-0.49,480.0,558.4
WFP-000003,20240101,1,1,"Charlotte, NC",11.22,3.0,8.22,0.0,-8.22,480.0,1795.2
WFP-000004,20240101,1,1,"Remote, US",5.83,5.0,0.83,1.0,-0.83,800.0,932.8
WFP-000005,20240101,2,2,"Atlanta, GA",2.18,2.0,0.18,0.0,-0.18,320.0,348.8
WFP-000006,20240101,2,2,"Phoenix, AZ",0.0,0.0,0.0,0.0,0.0,0.0,0.0
WFP-000007,20240101,2,2,"Charlotte, NC",2.18,2.0,0.18,1.0,-0.18,320.0,348.8
WFP-000008,20240101,2,2,"Remote, US",7.28,4.94,2.34,0.0,-2.34,790.4,1164.8
WFP-000009,20240101,3,3,"Atlanta, GA",2.2,2.0,0.2,0.0,-0.2,320.0,352.0
WFP-000010,20240101,3,3,"Phoenix, AZ",4.39,4.0,0.39,1.0,-0.39,640.0,702.4
WFP-000011,20240101,3,3,"Charlotte, NC",11.55,7.52,4.03,1.0,-4.03,1203.2,1848.0
WFP-000012,20240101,3,3,"Remote, US",0.0,0.0,0.0,0.0,0.0,0.0,0.0
WFP-000013,20240101,4,4,"Atlanta, GA",2.3,2.0,0.3,0.0,-0.3,320.0,368.0
WFP-000014,20240101,4,4,"Phoenix, AZ",14.61,7.47,7.14,1.0,-7.14,1195.2,2337.6
WFP-000015,20240101,4,4,"Charlotte, NC",4.86,4.23,0.63,1.0,-0.63,676.8,777.6
WFP-000016,20240101,4,4,"Remote, US",0.0,0.0,0.0,0.0,0.0,0.0,0.0
WFP-000017,20240101,5,5,"Atlanta, GA",4.2,3.9,0.3,2.0,-0.3,624.0,672.0
WFP-000018,20240101,5,5,"Phoenix, AZ",3.12,2.9,0.22,0.0,-0.22,464.0,499.2
WFP-000019,20240101,5,5,"Charlotte, NC",7.66,5.0,2.66,0.0,-2.66,800.0,1225.6
WFP-000020,20240101,5,5,"Remote, US",1.08,1.0,0.08,0.0,-0.08,160.0,172.8
WFP-000021,20240101,6,6,"Atlanta, GA",2.97,3.0,0.0,0.0,0.03,480.0,475.2
WFP-000022,20240101,6,6,"Phoenix, AZ",0.0,0.0,0.0,0.0,0.0,0.0,0.0
WFP-000023,20240101,6,6,"Charlotte, NC",1.98,2.0,0.0,0.0,0.02,320.0,316.8
WFP-000024,20240101,6,6,"Remote, US",6.92,6.0,0.92,2.0,-0.92,960.0,1107.2
WFP-000025,20240101,7,7,"Atlanta, GA",1.21,1.0,0.21,0.0,-0.21,160.0,193.6
WFP-000026,20240101,7,7,"Phoenix, AZ",0.0,0.0,0.0,0.0,0.0,0.0,0.0
WFP-000027,20240101,7,7,"Charlotte, NC",0.0,0.0,0.0,0.0,0.0,0.0,0.0
WFP-000028,20240101,7,7,"Remote, US",6.68,3.0,3.68,1.0,-3.68,480.0,1068.8
WFP-000029,20240101,8,8,"Atlanta, GA",4.8,3.0,1.8,1.0,-1.8,480.0,768.0
WFP-000030,20240101,8,8,"Phoenix, AZ",0.0,0.0,0.0,0.0,0.0,0.0,0.0
WFP-000031,20240101,8,8,"Charlotte, NC",0.0,0.0,0.0,0.0,0.0,0.0,0.0
WFP-000032,20240101,8,8,"Remote, US",2.22,2.0,0.22,1.0,-0.22,320.0,355.2
WFP-000033,20240201,1,1,"Atlanta, GA",4.67,4.0,0.67,2.0,-0.67,640.0,747.2
WFP-000034,20240201,1,1,"Phoenix, AZ",3.5,3.0,0.5,0.0,-0.5,480.0,560.0
WFP-000035,20240201,1,1,"Charlotte, NC",11.43,3.0,8.43,0.0,-8.43,480.0,1828.8
WFP-000036,20240201,1,1,"Remote, US",5.84,5.0,0.84,1.0,-0.84,800.0,934.4
WFP-000037,20240201,2,2,"Atlanta, GA",2.22,2.0,0.22,0.0,-0.22,320.0,355.2
WFP-000038,20240201,2,2,"Phoenix, AZ",0.0,0.0,0.0,0.0,0.0,0.0,0.0
WFP-000039,20240201,2,2,"Charlotte, NC",1.66,1.5,0.16,1.0,-0.16,240.0,265.6
WFP-000040,20240201,2,2,"Remote, US",7.96,5.0,2.96,0.0,-2.96,800.0,1273.6
WFP-000041,20240201,3,3,"Atlanta, GA",2.17,2.0,0.17,0.0,-0.17,320.0,347.2
WFP-000042,20240201,3,3,"Phoenix, AZ",4.34,4.0,0.34,1.0,-0.34,640.0,694.4
WFP-000043,20240201,3,3,"Charlotte, NC",11.57,8.0,3.57,1.0,-3.57,1280.0,1851.2
WFP-000044,20240201,3,3,"Remote, US",0.0,0.0,0.0,0.0,0.0,0.0,0.0
WFP-000045,20240201,4,4,"Atlanta, GA",2.23,2.0,0.23,0.0,-0.23,320.0,356.8
WFP-000046,20240201,4,4,"Phoenix, AZ",13.72,8.0,5.72,1.0,-5.72,1280.0,2195.2
WFP-000047,20240201,4,4,"Charlotte, NC",5.37,4.8,0.57,1.0,-0.57,768.0,859.2
WFP-000048,20240201,4,4,"Remote, US",0.46,0.41,0.05,0.0,-0.05,65.6,73.6
WFP-000049,20240201,5,5,"Atlanta, GA",4.27,4.0,0.27,2.0,-0.27,640.0,683.2
WFP-000050,20240201,5,5,"Phoenix, AZ",3.21,3.0,0.21,0.0,-0.21,480.0,513.6
WFP-000051,20240201,5,5,"Charlotte, NC",7.37,5.0,2.37,0.0,-2.37,800.0,1179.2
WFP-000052,20240201,5,5,"Remote, US",1.07,1.0,0.07,0.0,-0.07,160.0,171.2
WFP-000053,20240201,6,6,"Atlanta, GA",3.0,3.0,0.0,0.0,0.0,480.0,480.0
WFP-000054,20240201,6,6,"Phoenix, AZ",0.0,0.0,0.0,0.0,0.0,0.0,0.0
WFP-000055,20240201,6,6,"Charlotte, NC",2.0,2.0,0.0,0.0,0.0,320.0,320.0
WFP-000056,20240201,6,6,"Remote, US",6.99,6.0,0.99,2.0,-0.99,960.0,1118.4
WFP-000057,20240201,7,7,"Atlanta, GA",1.21,1.0,0.21,0.0,-0.21,160.0,193.6
WFP-000058,20240201,7,7,"Phoenix, AZ",0.0,0.0,0.0,0.0,0.0,0.0,0.0
WFP-000059,20240201,7,7,"Charlotte, NC",0.0,0.0,0.0,0.0,0.0,0.0,0.0
WFP-000060,20240201,7,7,"Remote, US",6.86,3.11,3.75,1.0,-3.75,497.6,1097.6
WFP-000061,20240201,8,8,"Atlanta, GA",4.61,2.5,2.11,1.0,-2.11,400.0,737.6
WFP-000062,20240201,8,8,"Phoenix, AZ",0.0,0.0,0.0,0.0,0.0,0.0,0.0
WFP-000063,20240201,8,8,"Charlotte, NC",0.0,0.0,0.0,0.0,0.0,0.0,0.0
WFP-000064,20240201,8,8,"Remote, US",2.28,2.0,0.28,1.0,-0.28,320.0,364.8
WFP-000065,20240301,1,1,"Atlanta, GA",4.66,4.0,0.66,2.0,-0.66,640.0,745.6
WFP-000066,20240301,1,1,"Phoenix, AZ",3.49,3.0,0.49,0.0,-0.49,480.0,558.4
WFP-000067,20240301,1,1,"Charlotte, NC",12.14,3.74,8.4,0.0,-8.4,598.4,1942.4
WFP-000068,20240301,1,1,"Remote, US",5.24,4.5,0.74,1.0,-0.74,720.0,838.4
WFP-000069,20240301,2,2,"Atlanta, GA",2.19,2.0,0.19,0.0,-0.19,320.0,350.4
WFP-000070,20240301,2,2,"Phoenix, AZ",0.0,0.0,0.0,0.0,0.0,0.0,0.0
WFP-000071,20240301,2,2,"Charlotte, NC",2.19,2.0,0.19,1.0,-0.19,320.0,350.4
WFP-000072,20240301,2,2,"Remote, US",7.54,5.0,2.54,0.0,-2.54,800.0,1206.4
WFP-000073,20240301,3,3,"Atlanta, GA",2.15,2.0,0.15,0.0,-0.15,320.0,344.0
WFP-000074,20240301,3,3,"Phoenix, AZ",4.82,4.48,0.34,1.0,-0.34,716.8,771.2
WFP-000075,20240301,3,3,"Charlotte, NC",11.2,8.0,3.2,1.0,-3.2,1280.0,1792.0
WFP-000076,20240301,3,3,"Remote, US",0.0,0.0,0.0,0.0,0.0,0.0,0.0
WFP-000077,20240301,4,4,"Atlanta, GA",2.1,1.9,0.2,0.0,-0.2,304.0,336.0
WFP-000078,20240301,4,4,"Phoenix, AZ",12.98,8.0,4.98,1.0,-4.98,1280.0,2076.8
WFP-000079,20240301,4,4,"Charlotte, NC",5.51,5.0,0.51,1.0,-0.51,800.0,881.6
WFP-000080,20240301,4,4,"Remote, US",1.1,1.0,0.1,0.0,-0.1,160.0,176.0
WFP-000081,20240301,5,5,"Atlanta, GA",4.29,4.0,0.29,2.0,-0.29,640.0,686.4
WFP-000082,20240301,5,5,"Phoenix, AZ",3.21,3.0,0.21,0.0,-0.21,480.0,513.6
WFP-000083,20240301,5,5,"Charlotte, NC",7.46,5.0,2.46,0.0,-2.46,800.0,1193.6
WFP-000084,20240301,5,5,"Remote, US",1.07,1.0,0.07,0.0,-0.07,160.0,171.2
WFP-000085,20240301,6,6,"Atlanta, GA",3.02,3.0,0.02,0.0,-0.02,480.0,483.2
WFP-000086,20240301,6,6,"Phoenix, AZ",0.0,0.0,0.0,0.0,0.0,0.0,0.0
WFP-000087,20240301,6,6,"Charlotte, NC",2.01,2.0,0.01,0.0,-0.01,320.0,321.6
WFP-000088,20240301,6,6,"Remote, US",6.94,5.9,1.04,2.0,-1.04,944.0,1110.4
WFP-000089,20240301,7,7,"Atlanta, GA",1.15,1.0,0.15,0.0,-0.15,160.0,184.0
WFP-000090,20240301,7,7,"Phoenix, AZ",0.0,0.0,0.0,0.0,0.0,0.0,0.0
WFP-000091,20240301,7,7,"Charlotte, NC",0.0,0.0,0.0,0.0,0.0,0.0,0.0
WFP-000092,20240301,7,7,"Remote, US",6.94,4.0,2.94,1.0,-2.94,640.0,1110.4
WFP-000093,20240301,8,8,"Atlanta, GA",4.67,3.0,1.67,1.0,-1.67,480.0,747.2
WFP-000094,20240301,8,8,"Phoenix, AZ",0.0,0.0,0.0,0.0,0.0,0.0,0.0
WFP-000095,20240301,8,8,"Charlotte, NC",0.0,0.0,0.0,0.0,0.0,0.0,0.0
WFP-000096,20240301,8,8,"Remote, US",2.21,2.0,0.21,1.0,-0.21,320.0,353.6
WFP-000097,20240401,1,1,"Atlanta, GA",4.62,4.0,0.62,2.0,-0.62,640.0,739.2
WFP-000098,20240401,1,1,"Phoenix, AZ",3.23,2.8,0.43,0.0,-0.43,448.0,516.8
WFP-000099,20240401,1,1,"Charlotte, NC",11.98,4.0,7.98,0.0,-7.98,640.0,1916.8
WFP-000100,20240401,1,1,"Remote, US",5.77,5.0,0.77,1.0,-0.77,800.0,923.2
WFP-000101,20240401,2,2,"Atlanta, GA",1.68,1.5,0.18,0.0,-0.18,240.0,268.8
WFP-000102,20240401,2,2,"Phoenix, AZ",0.0,0.0,0.0,0.0,0.0,0.0,0.0
WFP-000103,20240401,2,2,"Charlotte, NC",2.23,2.0,0.23,1.0,-0.23,320.0,356.8
WFP-000104,20240401,2,2,"Remote, US",8.19,5.0,3.19,0.0,-3.19,800.0,1310.4
WFP-000105,20240401,3,3,"Atlanta, GA",2.14,2.0,0.14,0.0,-0.14,320.0,342.4
WFP-000106,20240401,3,3,"Phoenix, AZ",5.34,5.0,0.34,1.0,-0.34,800.0,854.4
WFP-000107,20240401,3,3,"Charlotte, NC",10.86,8.0,2.86,1.0,-2.86,1280.0,1737.6
WFP-000108,20240401,3,3,"Remote, US",0.0,0.0,0.0,0.0,0.0,0.0,0.0
WFP-000109,20240401,4,4,"Atlanta, GA",2.15,2.0,0.15,0.0,-0.15,320.0,344.0
WFP-000110,20240401,4,4,"Phoenix, AZ",13.05,9.4,3.65,1.0,-3.65,1504.0,2088.0
WFP-000111,20240401,4,4,"Charlotte, NC",5.37,5.0,0.37,1.0,-0.37,800.0,859.2
WFP-000112,20240401,4,4,"Remote, US",1.07,1.0,0.07,0.0,-0.07,160.0,171.2
WFP-000113,20240401,5,5,"Atlanta, GA",4.28,4.0,0.28,2.0,-0.28,640.0,684.8
WFP-000114,20240401,5,5,"Phoenix, AZ",3.21,3.0,0.21,0.0,-0.21,480.0,513.6
WFP-000115,20240401,5,5,"Charlotte, NC",7.45,5.0,2.45,0.0,-2.45,800.0,1192.0
WFP-000116,20240401,5,5,"Remote, US",1.07,1.0,0.07,0.0,-0.07,160.0,171.2
WFP-000117,20240401,6,6,"Atlanta, GA",3.03,3.0,0.03,0.0,-0.03,480.0,484.8
WFP-000118,20240401,6,6,"Phoenix, AZ",0.0,0.0,0.0,0.0,0.0,0.0,0.0
WFP-000119,20240401,6,6,"Charlotte, NC",2.02,2.0,0.02,0.0,-0.02,320.0,323.2
WFP-000120,20240401,6,6,"Remote, US",7.07,6.0,1.07,2.0,-1.07,960.0,1131.2
WFP-000121,20240401,7,7,"Atlanta, GA",1.16,1.0,0.16,0.0,-0.16,160.0,185.6
WFP-000122,20240401,7,7,"Phoenix, AZ",0.0,0.0,0.0,0.0,0.0,0.0,0.0
WFP-000123,20240401,7,7,"Charlotte, NC",0.0,0.0,0.0,0.0,0.0,0.0,0.0
WFP-000124,20240401,7,7,"Remote, US",6.98,4.0,2.98,1.0,-2.98,640.0,1116.8
WFP-000125,20240401,8,8,"Atlanta, GA",4.65,3.0,1.65,1.0,-1.65,480.0,744.0
WFP-000126,20240401,8,8,"Phoenix, AZ",0.0,0.0,0.0,0.0,0.0,0.0,0.0
WFP-000127,20240401,8,8,"Charlotte, NC",0.0,0.0,0.0,0.0,0.0,0.0,0.0
WFP-000128,20240401,8,8,"Remote, US",2.21,2.0,0.21,1.0,-0.21,320.0,353.6
WFP-000129,20240501,1,1,"Atlanta, GA",4.62,4.0,0.62,2.0,-0.62,640.0,739.2
WFP-000130,20240501,1,1,"Phoenix, AZ",3.23,2.8,0.43,0.0,-0.43,448.0,516.8
WFP-000131,20240501,1,1,"Charlotte, NC",12.0,4.0,8.0,0.0,-8.0,640.0,1920.0
WFP-000132,20240501,1,1,"Remote, US",5.78,5.0,0.78,1.0,-0.78,800.0,924.8
WFP-000133,20240501,2,2,"Atlanta, GA",2.21,2.0,0.21,0.0,-0.21,320.0,353.6
WFP-000134,20240501,2,2,"Phoenix, AZ",0.0,0.0,0.0,0.0,0.0,0.0,0.0
WFP-000135,20240501,2,2,"Charlotte, NC",1.99,1.8,0.19,1.0,-0.19,288.0,318.4
WFP-000136,20240501,2,2,"Remote, US",7.9,5.0,2.9,0.0,-2.9,800.0,1264.0
WFP-000137,20240501,3,3,"Atlanta, GA",2.11,2.0,0.11,0.0,-0.11,320.0,337.6
WFP-000138,20240501,3,3,"Phoenix, AZ",5.28,5.0,0.28,1.0,-0.28,800.0,844.8
WFP-000139,20240501,3,3,"Charlotte, NC",10.93,8.54,2.39,1.0,-2.39,1366.4,1748.8
WFP-000140,20240501,3,3,"Remote, US",0.0,0.0,0.0,0.0,0.0,0.0,0.0
WFP-000141,20240501,4,4,"Atlanta, GA",2.13,2.0,0.13,0.0,-0.13,320.0,340.8
WFP-000142,20240501,4,4,"Phoenix, AZ",13.2,10.0,3.2,1.0,-3.2,1600.0,2112.0
WFP-000143,20240501,4,4,"Charlotte, NC",5.32,5.0,0.32,1.0,-0.32,800.0,851.2
WFP-000144,20240501,4,4,"Remote, US",1.06,1.0,0.06,0.0,-0.06,160.0,169.6
WFP-000145,20240501,5,5,"Atlanta, GA",4.3,4.0,0.3,2.0,-0.3,640.0,688.0
WFP-000146,20240501,5,5,"Phoenix, AZ",3.23,3.0,0.23,0.0,-0.23,480.0,516.8
WFP-000147,20240501,5,5,"Charlotte, NC",7.33,4.7,2.63,0.0,-2.63,752.0,1172.8
WFP-000148,20240501,5,5,"Remote, US",1.08,1.0,0.08,0.0,-0.08,160.0,172.8
WFP-000149,20240501,6,6,"Atlanta, GA",3.16,3.0,0.16,0.0,-0.16,480.0,505.6
WFP-000150,20240501,6,6,"Phoenix, AZ",0.0,0.0,0.0,0.0,0.0,0.0,0.0
WFP-000151,20240501,6,6,"Charlotte, NC",2.1,2.0,0.1,0.0,-0.1,320.0,336.0
WFP-000152,20240501,6,6,"Remote, US",6.99,5.5,1.49,2.0,-1.49,880.0,1118.4
WFP-000153,20240501,7,7,"Atlanta, GA",1.16,1.0,0.16,0.0,-0.16,160.0,185.6
WFP-000154,20240501,7,7,"Phoenix, AZ",0.0,0.0,0.0,0.0,0.0,0.0,0.0
WFP-000155,20240501,7,7,"Charlotte, NC",0.0,0.0,0.0,0.0,0.0,0.0,0.0
WFP-000156,20240501,7,7,"Remote, US",6.96,4.0,2.96,1.0,-2.96,640.0,1113.6
WFP-000157,20240501,8,8,"Atlanta, GA",4.62,3.0,1.62,1.0,-1.62,480.0,739.2
WFP-000158,20240501,8,8,"Phoenix, AZ",0.0,0.0,0.0,0.0,0.0,0.0,0.0
WFP-000159,20240501,8,8,"Charlotte, NC",0.0,0.0,0.0,0.0,0.0,0.0,0.0
WFP-000160,20240501,8,8,"Remote, US",2.21,2.0,0.21,1.0,-0.21,320.0,353.6
WFP-000161,20240601,1,1,"Atlanta, GA",4.58,4.0,0.58,2.0,-0.58,640.0,732.8
WFP-000162,20240601,1,1,"Phoenix, AZ",3.43,3.0,0.43,0.0,-0.43,480.0,548.8
WFP-000163,20240601,1,1,"Charlotte, NC",12.07,4.47,7.6,0.47,-7.6,715.2,1931.2
WFP-000164,20240601,1,1,"Remote, US",5.73,5.0,0.73,1.0,-0.73,800.0,916.8
WFP-000165,20240601,2,2,"Atlanta, GA",2.21,2.0,0.21,0.0,-0.21,320.0,353.6
WFP-000166,20240601,2,2,"Phoenix, AZ",0.0,0.0,0.0,0.0,0.0,0.0,0.0
WFP-000167,20240601,2,2,"Charlotte, NC",2.21,2.0,0.21,1.0,-0.21,320.0,353.6
WFP-000168,20240601,2,2,"Remote, US",7.82,4.9,2.92,0.0,-2.92,784.0,1251.2
WFP-000169,20240601,3,3,"Atlanta, GA",2.08,2.0,0.08,0.0,-0.08,320.0,332.8
WFP-000170,20240601,3,3,"Phoenix, AZ",5.19,5.0,0.19,1.0,-0.19,800.0,830.4
WFP-000171,20240601,3,3,"Charlotte, NC",10.42,8.8,1.62,1.0,-1.62,1408.0,1667.2
WFP-000172,20240601,3,3,"Remote, US",0.52,0.5,0.02,0.0,-0.02,80.0,83.2
WFP-000173,20240601,4,4,"Atlanta, GA",1.92,1.8,0.12,0.0,-0.12,288.0,307.2
WFP-000174,20240601,4,4,"Phoenix, AZ",13.29,9.9,3.39,1.0,-3.39,1584.0,2126.4
WFP-000175,20240601,4,4,"Charlotte, NC",5.34,5.0,0.34,1.0,-0.34,800.0,854.4
WFP-000176,20240601,4,4,"Remote, US",1.07,1.0,0.07,0.0,-0.07,160.0,171.2
WFP-000177,20240601,5,5,"Atlanta, GA",3.75,3.5,0.25,2.0,-0.25,560.0,600.0
WFP-000178,20240601,5,5,"Phoenix, AZ",3.22,3.0,0.22,0.0,-0.22,480.0,515.2
WFP-000179,20240601,5,5,"Charlotte, NC",7.85,5.33,2.52,0.63,-2.52,852.8,1256.0
WFP-000180,20240601,5,5,"Remote, US",1.07,1.0,0.07,0.0,-0.07,160.0,171.2
WFP-000181,20240601,6,6,"Atlanta, GA",3.09,3.0,0.09,0.0,-0.09,480.0,494.4
WFP-000182,20240601,6,6,"Phoenix, AZ",0.0,0.0,0.0,0.0,0.0,0.0,0.0
WFP-000183,20240601,6,6,"Charlotte, NC",2.06,2.0,0.06,0.0,-0.06,320.0,329.6
WFP-000184,20240601,6,6,"Remote, US",7.22,6.0,1.22,2.0,-1.22,960.0,1155.2
WFP-000185,20240601,7,7,"Atlanta, GA",1.1,1.0,0.1,0.0,-0.1,160.0,176.0
WFP-000186,20240601,7,7,"Phoenix, AZ",0.0,0.0,0.0,0.0,0.0,0.0,0.0
WFP-000187,20240601,7,7,"Charlotte, NC",1.1,1.0,0.1,1.0,-0.1,160.0,176.0
WFP-000188,20240601,7,7,"Remote, US",5.99,4.0,1.99,1.0,-1.99,640.0,958.4
WFP-000189,20240601,8,8,"Atlanta, GA",4.58,3.0,1.58,1.0,-1.58,480.0,732.8
WFP-000190,20240601,8,8,"Phoenix, AZ",0.0,0.0,0.0,0.0,0.0,0.0,0.0
WFP-000191,20240601,8,8,"Charlotte, NC",0.0,0.0,0.0,0.0,0.0,0.0,0.0
WFP-000192,20240601,8,8,"Remote, US",2.2,2.0,0.2,1.0,-0.2,320.0,352.0
WFP-000193,20240701,1,1,"Atlanta, GA",5.48,4.87,0.61,2.0,-0.61,779.2,876.8
WFP-000194,20240701,1,1,"Phoenix, AZ",3.37,3.0,0.37,0.0,-0.37,480.0,539.2
WFP-000195,20240701,1,1,"Charlotte, NC",11.52,5.0,6.52,1.0,-6.52,800.0,1843.2
WFP-000196,20240701,1,1,"Remote, US",5.28,4.7,0.58,1.0,-0.58,752.0,844.8
WFP-000197,20240701,2,2,"Atlanta, GA",2.0,1.8,0.2,0.0,-0.2,288.0,320.0
WFP-000198,20240701,2,2,"Phoenix, AZ",0.0,0.0,0.0,0.0,0.0,0.0,0.0
WFP-000199,20240701,2,2,"Charlotte, NC",2.22,2.0,0.22,1.0,-0.22,320.0,355.2
WFP-000200,20240701,2,2,"Remote, US",8.07,5.0,3.07,0.0,-3.07,800.0,1291.2
WFP-000201,20240701,3,3,"Atlanta, GA",2.03,2.0,0.03,0.0,-0.03,320.0,324.8
WFP-000202,20240701,3,3,"Phoenix, AZ",5.07,5.0,0.07,1.0,-0.07,800.0,811.2
WFP-000203,20240701,3,3,"Charlotte, NC",10.14,9.0,1.14,1.0,-1.14,1440.0,1622.4
WFP-000204,20240701,3,3,"Remote, US",1.01,1.0,0.01,0.0,-0.01,160.0,161.6
WFP-000205,20240701,4,4,"Atlanta, GA",2.08,2.0,0.08,0.0,-0.08,320.0,332.8
WFP-000206,20240701,4,4,"Phoenix, AZ",13.12,11.0,2.12,1.0,-2.12,1760.0,2099.2
WFP-000207,20240701,4,4,"Charlotte, NC",5.21,5.0,0.21,1.0,-0.21,800.0,833.6
WFP-000208,20240701,4,4,"Remote, US",1.04,1.0,0.04,0.0,-0.04,160.0,166.4
WFP-000209,20240701,5,5,"Atlanta, GA",4.16,4.0,0.16,2.0,-0.16,640.0,665.6
WFP-000210,20240701,5,5,"Phoenix, AZ",3.12,3.0,0.12,0.0,-0.12,480.0,499.2
WFP-000211,20240701,5,5,"Charlotte, NC",7.39,6.0,1.39,1.0,-1.39,960.0,1182.4
WFP-000212,20240701,5,5,"Remote, US",1.04,1.0,0.04,0.0,-0.04,160.0,166.4
WFP-000213,20240701,6,6,"Atlanta, GA",3.08,3.0,0.08,0.0,-0.08,480.0,492.8
WFP-000214,20240701,6,6,"Phoenix, AZ",0.0,0.0,0.0,0.0,0.0,0.0,0.0
WFP-000215,20240701,6,6,"Charlotte, NC",2.05,2.0,0.05,0.0,-0.05,320.0,328.0
WFP-000216,20240701,6,6,"Remote, US",7.17,6.0,1.17,2.0,-1.17,960.0,1147.2
WFP-000217,20240701,7,7,"Atlanta, GA",1.1,1.0,0.1,0.0,-0.1,160.0,176.0
WFP-000218,20240701,7,7,"Phoenix, AZ",0.0,0.0,0.0,0.0,0.0,0.0,0.0
WFP-000219,20240701,7,7,"Charlotte, NC",1.1,1.0,0.1,1.0,-0.1,160.0,176.0
WFP-000220,20240701,7,7,"Remote, US",5.89,4.0,1.89,1.0,-1.89,640.0,942.4
WFP-000221,20240701,8,8,"Atlanta, GA",4.68,3.0,1.68,1.0,-1.68,480.0,748.8
WFP-000222,20240701,8,8,"Phoenix, AZ",0.0,0.0,0.0,0.0,0.0,0.0,0.0
WFP-000223,20240701,8,8,"Charlotte, NC",0.0,0.0,0.0,0.0,0.0,0.0,0.0
WFP-000224,20240701,8,8,"Remote, US",2.21,2.0,0.21,1.0,-0.21,320.0,353.6
WFP-000225,20240801,1,1,"Atlanta, GA",5.61,5.0,0.61,2.0,-0.61,800.0,897.6
WFP-000226,20240801,1,1,"Phoenix, AZ",3.37,3.0,0.37,0.0,-0.37,480.0,539.2
WFP-000227,20240801,1,1,"Charlotte, NC",11.1,4.7,6.4,1.0,-6.4,752.0,1776.0
WFP-000228,20240801,1,1,"Remote, US",5.61,5.0,0.61,1.0,-0.61,800.0,897.6
WFP-000229,20240801,2,2,"Atlanta, GA",2.21,2.0,0.21,0.0,-0.21,320.0,353.6
WFP-000230,20240801,2,2,"Phoenix, AZ",0.0,0.0,0.0,0.0,0.0,0.0,0.0
WFP-000231,20240801,2,2,"Charlotte, NC",2.21,2.0,0.21,1.0,-0.21,320.0,353.6
WFP-000232,20240801,2,2,"Remote, US",7.98,5.0,2.98,0.0,-2.98,800.0,1276.8
WFP-000233,20240801,3,3,"Atlanta, GA",2.01,2.0,0.01,0.0,-0.01,320.0,321.6
WFP-000234,20240801,3,3,"Phoenix, AZ",5.04,5.0,0.04,1.0,-0.04,800.0,806.4
WFP-000235,20240801,3,3,"Charlotte, NC",10.08,9.0,1.08,1.0,-1.08,1440.0,1612.8
WFP-000236,20240801,3,3,"Remote, US",1.01,1.0,0.01,0.0,-0.01,160.0,161.6
WFP-000237,20240801,4,4,"Atlanta, GA",2.06,2.0,0.06,0.0,-0.06,320.0,329.6
WFP-000238,20240801,4,4,"Phoenix, AZ",12.48,11.0,1.48,1.0,-1.48,1760.0,1996.8
WFP-000239,20240801,4,4,"Charlotte, NC",6.14,5.97,0.17,1.0,-0.17,955.2,982.4
WFP-000240,20240801,4,4,"Remote, US",1.03,1.0,0.03,0.0,-0.03,160.0,164.8
WFP-000241,20240801,5,5,"Atlanta, GA",3.9,3.7,0.2,2.0,-0.2,592.0,624.0
WFP-000242,20240801,5,5,"Phoenix, AZ",2.65,2.52,0.13,0.0,-0.13,403.2,424.0
WFP-000243,20240801,5,5,"Charlotte, NC",8.16,6.29,1.87,1.0,-1.87,1006.4,1305.6
WFP-000244,20240801,5,5,"Remote, US",1.05,1.0,0.05,0.0,-0.05,160.0,168.0
WFP-000245,20240801,6,6,"Atlanta, GA",3.14,3.0,0.14,0.0,-0.14,480.0,502.4
WFP-000246,20240801,6,6,"Phoenix, AZ",0.0,0.0,0.0,0.0,0.0,0.0,0.0
WFP-000247,20240801,6,6,"Charlotte, NC",1.99,1.9,0.09,0.0,-0.09,304.0,318.4
WFP-000248,20240801,6,6,"Remote, US",7.4,6.0,1.4,2.0,-1.4,960.0,1184.0
WFP-000249,20240801,7,7,"Atlanta, GA",1.01,1.0,0.01,0.0,-0.01,160.0,161.6
WFP-000250,20240801,7,7,"Phoenix, AZ",0.0,0.0,0.0,0.0,0.0,0.0,0.0
WFP-000251,20240801,7,7,"Charlotte, NC",1.01,1.0,0.01,1.0,-0.01,160.0,161.6
WFP-000252,20240801,7,7,"Remote, US",6.04,5.0,1.04,1.0,-1.04,800.0,966.4
WFP-000253,20240801,8,8,"Atlanta, GA",4.72,3.0,1.72,1.0,-1.72,480.0,755.2
WFP-000254,20240801,8,8,"Phoenix, AZ",0.0,0.0,0.0,0.0,0.0,0.0,0.0
WFP-000255,20240801,8,8,"Charlotte, NC",0.0,0.0,0.0,0.0,0.0,0.0,0.0
WFP-000256,20240801,8,8,"Remote, US",2.22,2.0,0.22,1.0,-0.22,320.0,355.2
WFP-000257,20240901,1,1,"Atlanta, GA",5.6,5.0,0.6,2.0,-0.6,800.0,896.0
WFP-000258,20240901,1,1,"Phoenix, AZ",3.36,3.0,0.36,0.0,-0.36,480.0,537.6
WFP-000259,20240901,1,1,"Charlotte, NC",11.36,5.0,6.36,1.0,-6.36,800.0,1817.6
WFP-000260,20240901,1,1,"Remote, US",5.49,4.9,0.59,1.0,-0.59,784.0,878.4
WFP-000261,20240901,2,2,"Atlanta, GA",1.69,1.5,0.19,0.0,-0.19,240.0,270.4
WFP-000262,20240901,2,2,"Phoenix, AZ",0.0,0.0,0.0,0.0,0.0,0.0,0.0
WFP-000263,20240901,2,2,"Charlotte, NC",2.25,2.0,0.25,1.0,-0.25,320.0,360.0
WFP-000264,20240901,2,2,"Remote, US",8.56,5.0,3.56,0.0,-3.56,800.0,1369.6
WFP-000265,20240901,3,3,"Atlanta, GA",2.04,2.0,0.04,0.0,-0.04,320.0,326.4
WFP-000266,20240901,3,3,"Phoenix, AZ",5.11,5.0,0.11,1.0,-0.11,800.0,817.6
WFP-000267,20240901,3,3,"Charlotte, NC",10.22,9.0,1.22,1.0,-1.22,1440.0,1635.2
WFP-000268,20240901,3,3,"Remote, US",1.02,1.0,0.02,0.0,-0.02,160.0,163.2
WFP-000269,20240901,4,4,"Atlanta, GA",2.06,2.0,0.06,0.0,-0.06,320.0,329.6
WFP-000270,20240901,4,4,"Phoenix, AZ",12.55,11.0,1.55,1.0,-1.55,1760.0,2008.0
WFP-000271,20240901,4,4,"Charlotte, NC",6.18,6.0,0.18,1.0,-0.18,960.0,988.8
WFP-000272,20240901,4,4,"Remote, US",1.03,1.0,0.03,0.0,-0.03,160.0,164.8
WFP-000273,20240901,5,5,"Atlanta, GA",4.18,4.0,0.18,2.0,-0.18,640.0,668.8
WFP-000274,20240901,5,5,"Phoenix, AZ",2.09,2.0,0.09,0.0,-0.09,320.0,334.4
WFP-000275,20240901,5,5,"Charlotte, NC",8.64,7.0,1.64,1.0,-1.64,1120.0,1382.4
WFP-000276,20240901,5,5,"Remote, US",1.04,1.0,0.04,0.0,-0.04,160.0,166.4
WFP-000277,20240901,6,6,"Atlanta, GA",3.14,3.0,0.14,0.0,-0.14,480.0,502.4
WFP-000278,20240901,6,6,"Phoenix, AZ",0.0,0.0,0.0,0.0,0.0,0.0,0.0
WFP-000279,20240901,6,6,"Charlotte, NC",2.1,2.0,0.1,0.0,-0.1,320.0,336.0
WFP-000280,20240901,6,6,"Remote, US",7.42,6.0,1.42,2.0,-1.42,960.0,1187.2
WFP-000281,20240901,7,7,"Atlanta, GA",1.08,1.0,0.08,0.0,-0.08,160.0,172.8
WFP-000282,20240901,7,7,"Phoenix, AZ",0.0,0.0,0.0,0.0,0.0,0.0,0.0
WFP-000283,20240901,7,7,"Charlotte, NC",1.08,1.0,0.08,1.0,-0.08,160.0,172.8
WFP-000284,20240901,7,7,"Remote, US",6.09,4.5,1.59,1.0,-1.59,720.0,974.4
WFP-000285,20240901,8,8,"Atlanta, GA",4.72,2.7,2.02,1.0,-2.02,432.0,755.2
WFP-000286,20240901,8,8,"Phoenix, AZ",0.0,0.0,0.0,0.0,0.0,0.0,0.0
WFP-000287,20240901,8,8,"Charlotte, NC",0.0,0.0,0.0,0.0,0.0,0.0,0.0
WFP-000288,20240901,8,8,"Remote, US",2.26,2.0,0.26,1.0,-0.26,320.0,361.6
WFP-000289,20241001,1,1,"Atlanta, GA",5.02,4.5,0.52,2.0,-0.52,720.0,803.2
WFP-000290,20241001,1,1,"Phoenix, AZ",3.34,3.0,0.34,0.0,-0.34,480.0,534.4
WFP-000291,20241001,1,1,"Charlotte, NC",11.09,5.0,6.09,1.0,-6.09,800.0,1774.4
WFP-000292,20241001,1,1,"Remote, US",6.54,5.87,0.67,1.87,-0.67,939.2,1046.4
WFP-000293,20241001,2,2,"Atlanta, GA",2.23,2.0,0.23,0.0,-0.23,320.0,356.8
WFP-000294,20241001,2,2,"Phoenix, AZ",0.0,0.0,0.0,0.0,0.0,0.0,0.0
WFP-000295,20241001,2,2,"Charlotte, NC",2.22,2.0,0.22,1.0,-0.22,320.0,355.2
WFP-000296,20241001,2,2,"Remote, US",8.22,5.0,3.22,0.0,-3.22,800.0,1315.2
WFP-000297,20241001,3,3,"Atlanta, GA",1.72,1.7,0.02,0.0,-0.02,272.0,275.2
WFP-000298,20241001,3,3,"Phoenix, AZ",5.67,5.61,0.06,1.0,-0.06,897.6,907.2
WFP-000299,20241001,3,3,"Charlotte, NC",10.12,9.0,1.12,1.0,-1.12,1440.0,1619.2
WFP-000300,20241001,3,3,"Remote, US",1.01,1.0,0.01,0.0,-0.01,160.0,161.6
WFP-000301,20241001,4,4,"Atlanta, GA",2.07,2.0,0.07,0.0,-0.07,320.0,331.2
WFP-000302,20241001,4,4,"Phoenix, AZ",12.66,11.0,1.66,1.0,-1.66,1760.0,2025.6
WFP-000303,20241001,4,4,"Charlotte, NC",6.19,6.0,0.19,1.0,-0.19,960.0,990.4
WFP-000304,20241001,4,4,"Remote, US",1.03,1.0,0.03,0.0,-0.03,160.0,164.8
WFP-000305,20241001,5,5,"Atlanta, GA",4.22,4.0,0.22,2.0,-0.22,640.0,675.2
WFP-000306,20241001,5,5,"Phoenix, AZ",1.79,1.7,0.09,0.0,-0.09,272.0,286.4
WFP-000307,20241001,5,5,"Charlotte, NC",8.99,7.0,1.99,1.0,-1.99,1120.0,1438.4
WFP-000308,20241001,5,5,"Remote, US",1.05,1.0,0.05,0.0,-0.05,160.0,168.0
WFP-000309,20241001,6,6,"Atlanta, GA",2.68,2.5,0.18,0.0,-0.18,400.0,428.8
WFP-000310,20241001,6,6,"Phoenix, AZ",0.0,0.0,0.0,0.0,0.0,0.0,0.0
WFP-000311,20241001,6,6,"Charlotte, NC",2.14,2.0,0.14,0.0,-0.14,320.0,342.4
WFP-000312,20241001,6,6,"Remote, US",7.85,5.8,2.05,2.0,-2.05,928.0,1256.0
WFP-000313,20241001,7,7,"Atlanta, GA",1.02,1.0,0.02,0.0,-0.02,160.0,163.2
WFP-000314,20241001,7,7,"Phoenix, AZ",0.0,0.0,0.0,0.0,0.0,0.0,0.0
WFP-000315,20241001,7,7,"Charlotte, NC",1.02,1.0,0.02,1.0,-0.02,160.0,163.2
WFP-000316,20241001,7,7,"Remote, US",6.14,5.0,1.14,1.0,-1.14,800.0,982.4
WFP-000317,20241001,8,8,"Atlanta, GA",4.41,3.0,1.41,1.0,-1.41,480.0,705.6
WFP-000318,20241001,8,8,"Phoenix, AZ",0.0,0.0,0.0,0.0,0.0,0.0,0.0
WFP-000319,20241001,8,8,"Charlotte, NC",0.42,0.39,0.03,0.0,-0.03,62.4,67.2
WFP-000320,20241001,8,8,"Remote, US",2.18,2.0,0.18,1.0,-0.18,320.0,348.8
WFP-000321,20241101,1,1,"Atlanta, GA",5.34,4.8,0.54,2.0,-0.54,768.0,854.4
WFP-000322,20241101,1,1,"Phoenix, AZ",3.34,3.0,0.34,0.0,-0.34,480.0,534.4
WFP-000323,20241101,1,1,"Charlotte, NC",10.84,4.8,6.04,1.0,-6.04,768.0,1734.4
WFP-000324,20241101,1,1,"Remote, US",6.68,6.0,0.68,2.0,-0.68,960.0,1068.8
WFP-000325,20241101,2,2,"Atlanta, GA",2.23,2.0,0.23,0.0,-0.23,320.0,356.8
WFP-000326,20241101,2,2,"Phoenix, AZ",0.0,0.0,0.0,0.0,0.0,0.0,0.0
WFP-000327,20241101,2,2,"Charlotte, NC",2.23,2.0,0.23,1.0,-0.23,320.0,356.8
WFP-000328,20241101,2,2,"Remote, US",8.27,5.0,3.27,0.0,-3.27,800.0,1323.2
WFP-000329,20241101,3,3,"Atlanta, GA",1.95,2.0,0.0,0.0,0.05,320.0,312.0
WFP-000330,20241101,3,3,"Phoenix, AZ",5.87,6.0,0.0,1.0,0.13,960.0,939.2
WFP-000331,20241101,3,3,"Charlotte, NC",9.78,9.0,0.78,1.0,-0.78,1440.0,1564.8
WFP-000332,20241101,3,3,"Remote, US",0.98,1.0,0.0,0.0,0.02,160.0,156.8
WFP-000333,20241101,4,4,"Atlanta, GA",2.58,2.5,0.08,0.0,-0.08,400.0,412.8
WFP-000334,20241101,4,4,"Phoenix, AZ",12.6,11.0,1.6,1.0,-1.6,1760.0,2016.0
WFP-000335,20241101,4,4,"Charlotte, NC",5.98,5.8,0.18,1.0,-0.18,928.0,956.8
WFP-000336,20241101,4,4,"Remote, US",1.03,1.0,0.03,0.0,-0.03,160.0,164.8
WFP-000337,20241101,5,5,"Atlanta, GA",4.18,4.0,0.18,2.0,-0.18,640.0,668.8
WFP-000338,20241101,5,5,"Phoenix, AZ",2.09,2.0,0.09,0.0,-0.09,320.0,334.4
WFP-000339,20241101,5,5,"Charlotte, NC",8.68,7.0,1.68,1.0,-1.68,1120.0,1388.8
WFP-000340,20241101,5,5,"Remote, US",1.05,1.0,0.05,0.0,-0.05,160.0,168.0
WFP-000341,20241101,6,6,"Atlanta, GA",3.15,3.0,0.15,0.0,-0.15,480.0,504.0
WFP-000342,20241101,6,6,"Phoenix, AZ",0.0,0.0,0.0,0.0,0.0,0.0,0.0
WFP-000343,20241101,6,6,"Charlotte, NC",2.1,2.0,0.1,0.0,-0.1,320.0,336.0
WFP-000344,20241101,6,6,"Remote, US",7.52,6.0,1.52,2.0,-1.52,960.0,1203.2
WFP-000345,20241101,7,7,"Atlanta, GA",1.05,1.0,0.05,0.0,-0.05,160.0,168.0
WFP-000346,20241101,7,7,"Phoenix, AZ",0.0,0.0,0.0,0.0,0.0,0.0,0.0
WFP-000347,20241101,7,7,"Charlotte, NC",1.04,1.0,0.04,1.0,-0.04,160.0,166.4
WFP-000348,20241101,7,7,"Remote, US",6.05,4.8,1.25,1.0,-1.25,768.0,968.0
WFP-000349,20241101,8,8,"Atlanta, GA",3.87,2.73,1.14,0.73,-1.14,436.8,619.2
WFP-000350,20241101,8,8,"Phoenix, AZ",0.0,0.0,0.0,0.0,0.0,0.0,0.0
WFP-000351,20241101,8,8,"Charlotte, NC",1.04,1.0,0.04,0.0,-0.04,160.0,166.4
WFP-000352,20241101,8,8,"Remote, US",1.97,1.9,0.07,1.0,-0.07,304.0,315.2
WFP-000353,20241201,1,1,"Atlanta, GA",5.56,5.0,0.56,2.0,-0.56,800.0,889.6
WFP-000354,20241201,1,1,"Phoenix, AZ",3.33,3.0,0.33,0.0,-0.33,480.0,532.8
WFP-000355,20241201,1,1,"Charlotte, NC",10.62,4.7,5.92,1.0,-5.92,752.0,1699.2
WFP-000356,20241201,1,1,"Remote, US",6.67,6.0,0.67,2.0,-0.67,960.0,1067.2
WFP-000357,20241201,2,2,"Atlanta, GA",2.24,2.0,0.24,0.0,-0.24,320.0,358.4
WFP-000358,20241201,2,2,"Phoenix, AZ",0.0,0.0,0.0,0.0,0.0,0.0,0.0
WFP-000359,20241201,2,2,"Charlotte, NC",2.24,2.0,0.24,1.0,-0.24,320.0,358.4
WFP-000360,20241201,2,2,"Remote, US",8.43,5.0,3.43,0.0,-3.43,800.0,1348.8
WFP-000361,20241201,3,3,"Atlanta, GA",1.95,2.0,0.0,0.0,0.05,320.0,312.0
WFP-000362,20241201,3,3,"Phoenix, AZ",5.86,6.0,0.0,1.0,0.14,960.0,937.6
WFP-000363,20241201,3,3,"Charlotte, NC",9.76,9.0,0.76,1.0,-0.76,1440.0,1561.6
WFP-000364,20241201,3,3,"Remote, US",0.98,1.0,0.0,0.0,0.02,160.0,156.8
WFP-000365,20241201,4,4,"Atlanta, GA",2.91,2.9,0.01,0.0,-0.01,464.0,465.6
WFP-000366,20241201,4,4,"Phoenix, AZ",12.03,11.0,1.03,1.0,-1.03,1760.0,1924.8
WFP-000367,20241201,4,4,"Charlotte, NC",6.01,6.0,0.01,1.0,-0.01,960.0,961.6
WFP-000368,20241201,4,4,"Remote, US",1.0,1.0,0.0,0.0,0.0,160.0,160.0
WFP-000369,20241201,5,5,"Atlanta, GA",4.18,4.0,0.18,2.0,-0.18,640.0,668.8
WFP-000370,20241201,5,5,"Phoenix, AZ",2.09,2.0,0.09,0.0,-0.09,320.0,334.4
WFP-000371,20241201,5,5,"Charlotte, NC",8.6,7.0,1.6,1.0,-1.6,1120.0,1376.0
WFP-000372,20241201,5,5,"Remote, US",1.04,1.0,0.04,0.0,-0.04,160.0,166.4
WFP-000373,20241201,6,6,"Atlanta, GA",3.14,3.0,0.14,0.0,-0.14,480.0,502.4
WFP-000374,20241201,6,6,"Phoenix, AZ",0.0,0.0,0.0,0.0,0.0,0.0,0.0
WFP-000375,20241201,6,6,"Charlotte, NC",2.1,2.0,0.1,0.0,-0.1,320.0,336.0
WFP-000376,20241201,6,6,"Remote, US",7.41,6.0,1.41,2.0,-1.41,960.0,1185.6
WFP-000377,20241201,7,7,"Atlanta, GA",1.02,1.0,0.02,0.0,-0.02,160.0,163.2
WFP-000378,20241201,7,7,"Phoenix, AZ",0.0,0.0,0.0,0.0,0.0,0.0,0.0
WFP-000379,20241201,7,7,"Charlotte, NC",1.01,1.0,0.01,1.0,-0.01,160.0,161.6
WFP-000380,20241201,7,7,"Remote, US",6.08,5.0,1.08,1.0,-1.08,800.0,972.8
WFP-000381,20241201,8,8,"Atlanta, GA",3.62,1.9,1.72,0.0,-1.72,304.0,579.2
WFP-000382,20241201,8,8,"Phoenix, AZ",0.0,0.0,0.0,0.0,0.0,0.0,0.0
WFP-000383,20241201,8,8,"Charlotte, NC",1.12,1.0,0.12,0.0,-0.12,160.0,179.2
WFP-000384,20241201,8,8,"Remote, US",2.23,2.0,0.23,1.0,-0.23,320.0,356.8
WFP-000385,20250101,1,1,"Atlanta, GA",5.53,5.0,0.53,2.0,-0.53,800.0,884.8
WFP-000386,20250101,1,1,"Phoenix, AZ",3.32,3.0,0.32,0.0,-0.32,480.0,531.2
WFP-000387,20250101,1,1,"Charlotte, NC",10.68,5.0,5.68,1.0,-5.68,800.0,1708.8
WFP-000388,20250101,1,1,"Remote, US",6.63,6.0,0.63,2.0,-0.63,960.0,1060.8
WFP-000389,20250101,2,2,"Atlanta, GA",1.65,1.5,0.15,0.0,-0.15,240.0,264.0
WFP-000390,20250101,2,2,"Phoenix, AZ",0.0,0.0,0.0,0.0,0.0,0.0,0.0
WFP-000391,20250101,2,2,"Charlotte, NC",2.2,2.0,0.2,1.0,-0.2,320.0,352.0
WFP-000392,20250101,2,2,"Remote, US",8.84,5.9,2.94,0.0,-2.94,944.0,1414.4
WFP-000393,20250101,3,3,"Atlanta, GA",1.77,1.8,0.0,0.0,0.03,288.0,283.2
WFP-000394,20250101,3,3,"Phoenix, AZ",5.9,6.0,0.0,1.0,0.1,960.0,944.0
WFP-000395,20250101,3,3,"Charlotte, NC",9.83,9.0,0.83,1.0,-0.83,1440.0,1572.8
WFP-000396,20250101,3,3,"Remote, US",0.98,1.0,0.0,0.0,0.02,160.0,156.8
WFP-000397,20250101,4,4,"Atlanta, GA",3.0,3.0,0.0,0.0,0.0,480.0,480.0
WFP-000398,20250101,4,4,"Phoenix, AZ",12.01,11.0,1.01,1.0,-1.01,1760.0,1921.6
WFP-000399,20250101,4,4,"Charlotte, NC",6.0,6.0,0.0,1.0,0.0,960.0,960.0
WFP-000400,20250101,4,4,"Remote, US",1.0,1.0,0.0,0.0,0.0,160.0,160.0
WFP-000401,20250101,5,5,"Atlanta, GA",4.19,4.0,0.19,2.0,-0.19,640.0,670.4
WFP-000402,20250101,5,5,"Phoenix, AZ",2.1,2.0,0.1,0.0,-0.1,320.0,336.0
WFP-000403,20250101,5,5,"Charlotte, NC",8.76,7.0,1.76,1.0,-1.76,1120.0,1401.6
WFP-000404,20250101,5,5,"Remote, US",1.05,1.0,0.05,0.0,-0.05,160.0,168.0
WFP-000405,20250101,6,6,"Atlanta, GA",3.2,3.0,0.2,0.0,-0.2,480.0,512.0
WFP-000406,20250101,6,6,"Phoenix, AZ",0.0,0.0,0.0,0.0,0.0,0.0,0.0
WFP-000407,20250101,6,6,"Charlotte, NC",2.13,2.0,0.13,0.0,-0.13,320.0,340.8
WFP-000408,20250101,6,6,"Remote, US",7.4,5.5,1.9,2.0,-1.9,880.0,1184.0
WFP-000409,20250101,7,7,"Atlanta, GA",1.01,1.0,0.01,0.0,-0.01,160.0,161.6
WFP-000410,20250101,7,7,"Phoenix, AZ",0.0,0.0,0.0,0.0,0.0,0.0,0.0
WFP-000411,20250101,7,7,"Charlotte, NC",1.01,1.0,0.01,1.0,-0.01,160.0,161.6
WFP-000412,20250101,7,7,"Remote, US",6.07,5.0,1.07,1.0,-1.07,800.0,971.2
WFP-000413,20250101,8,8,"Atlanta, GA",4.09,2.0,2.09,0.0,-2.09,320.0,654.4
WFP-000414,20250101,8,8,"Phoenix, AZ",0.0,0.0,0.0,0.0,0.0,0.0,0.0
WFP-000415,20250101,8,8,"Charlotte, NC",1.14,1.0,0.14,0.0,-0.14,160.0,182.4
WFP-000416,20250101,8,8,"Remote, US",1.71,1.5,0.21,1.0,-0.21,240.0,273.6
WFP-000417,20250201,1,1,"Atlanta, GA",5.41,5.0,0.41,2.0,-0.41,800.0,865.6
WFP-000418,20250201,1,1,"Phoenix, AZ",3.25,3.0,0.25,0.0,-0.25,480.0,520.0
WFP-000419,20250201,1,1,"Charlotte, NC",10.39,5.89,4.5,1.0,-4.5,942.4,1662.4
WFP-000420,20250201,1,1,"Remote, US",7.11,6.57,0.54,2.57,-0.54,1051.2,1137.6
WFP-000421,20250201,2,2,"Atlanta, GA",1.95,1.8,0.15,0.0,-0.15,288.0,312.0
WFP-000422,20250201,2,2,"Phoenix, AZ",0.23,0.21,0.02,0.0,-0.02,33.6,36.8
WFP-000423,20250201,2,2,"Charlotte, NC",2.16,2.0,0.16,1.0,-0.16,320.0,345.6
WFP-000424,20250201,2,2,"Remote, US",8.4,6.0,2.4,0.0,-2.4,960.0,1344.0
WFP-000425,20250201,3,3,"Atlanta, GA",1.87,1.9,0.0,0.0,0.03,304.0,299.2
WFP-000426,20250201,3,3,"Phoenix, AZ",5.91,6.0,0.0,1.0,0.09,960.0,945.6
WFP-000427,20250201,3,3,"Charlotte, NC",9.85,9.0,0.85,1.0,-0.85,1440.0,1576.0
WFP-000428,20250201,3,3,"Remote, US",0.98,1.0,0.0,0.0,0.02,160.0,156.8
WFP-000429,20250201,4,4,"Atlanta, GA",2.83,2.8,0.03,0.0,-0.03,448.0,452.8
WFP-000430,20250201,4,4,"Phoenix, AZ",12.13,11.0,1.13,1.0,-1.13,1760.0,1940.8
WFP-000431,20250201,4,4,"Charlotte, NC",6.07,6.0,0.07,1.0,-0.07,960.0,971.2
WFP-000432,20250201,4,4,"Remote, US",1.01,1.0,0.01,0.0,-0.01,160.0,161.6
WFP-000433,20250201,5,5,"Atlanta, GA",4.2,4.0,0.2,2.0,-0.2,640.0,672.0
WFP-000434,20250201,5,5,"Phoenix, AZ",2.1,2.0,0.1,0.0,-0.1,320.0,336.0
WFP-000435,20250201,5,5,"Charlotte, NC",8.85,7.0,1.85,1.0,-1.85,1120.0,1416.0
WFP-000436,20250201,5,5,"Remote, US",1.05,1.0,0.05,0.0,-0.05,160.0,168.0
WFP-000437,20250201,6,6,"Atlanta, GA",3.22,3.0,0.22,0.0,-0.22,480.0,515.2
WFP-000438,20250201,6,6,"Phoenix, AZ",0.0,0.0,0.0,0.0,0.0,0.0,0.0
WFP-000439,20250201,6,6,"Charlotte, NC",1.34,1.25,0.09,0.0,-0.09,200.0,214.4
WFP-000440,20250201,6,6,"Remote, US",8.19,6.0,2.19,2.0,-2.19,960.0,1310.4
WFP-000441,20250201,7,7,"Atlanta, GA",1.04,1.0,0.04,0.0,-0.04,160.0,166.4
WFP-000442,20250201,7,7,"Phoenix, AZ",0.0,0.0,0.0,0.0,0.0,0.0,0.0
WFP-000443,20250201,7,7,"Charlotte, NC",1.03,1.0,0.03,1.0,-0.03,160.0,164.8
WFP-000444,20250201,7,7,"Remote, US",6.21,5.0,1.21,1.0,-1.21,800.0,993.6
WFP-000445,20250201,8,8,"Atlanta, GA",3.89,2.83,1.06,0.0,-1.06,452.8,622.4
WFP-000446,20250201,8,8,"Phoenix, AZ",0.0,0.0,0.0,0.0,0.0,0.0,0.0
WFP-000447,20250201,8,8,"Charlotte, NC",1.02,1.0,0.02,0.0,-0.02,160.0,163.2
WFP-000448,20250201,8,8,"Remote, US",2.03,2.0,0.03,1.0,-0.03,320.0,324.8
WFP-000449,20250301,1,1,"Atlanta, GA",5.28,4.9,0.38,2.0,-0.38,784.0,844.8
WFP-000450,20250301,1,1,"Phoenix, AZ",3.23,3.0,0.23,0.0,-0.23,480.0,516.8
WFP-000451,20250301,1,1,"Charlotte, NC",10.25,6.0,4.25,1.0,-4.25,960.0,1640.0
WFP-000452,20250301,1,1,"Remote, US",7.44,6.9,0.54,3.0,-0.54,1104.0,1190.4
WFP-000453,20250301,2,2,"Atlanta, GA",2.13,2.0,0.13,0.0,-0.13,320.0,340.8
WFP-000454,20250301,2,2,"Phoenix, AZ",1.06,1.0,0.06,0.0,-0.06,160.0,169.6
WFP-000455,20250301,2,2,"Charlotte, NC",1.6,1.5,0.1,1.0,-0.1,240.0,256.0
WFP-000456,20250301,2,2,"Remote, US",7.92,6.0,1.92,0.0,-1.92,960.0,1267.2
WFP-000457,20250301,3,3,"Atlanta, GA",1.99,2.0,0.0,0.0,0.01,320.0,318.4
WFP-000458,20250301,3,3,"Phoenix, AZ",5.95,6.0,0.0,1.0,0.05,960.0,952.0
WFP-000459,20250301,3,3,"Charlotte, NC",9.92,9.0,0.92,1.0,-0.92,1440.0,1587.2
WFP-000460,20250301,3,3,"Remote, US",0.99,1.0,0.0,0.0,0.01,160.0,158.4
WFP-000461,20250301,4,4,"Atlanta, GA",3.04,3.0,0.04,0.0,-0.04,480.0,486.4
WFP-000462,20250301,4,4,"Phoenix, AZ",12.16,11.0,1.16,1.0,-1.16,1760.0,1945.6
WFP-000463,20250301,4,4,"Charlotte, NC",5.77,5.7,0.07,1.0,-0.07,912.0,923.2
WFP-000464,20250301,4,4,"Remote, US",1.01,1.0,0.01,0.0,-0.01,160.0,161.6
WFP-000465,20250301,5,5,"Atlanta, GA",4.15,4.0,0.15,2.0,-0.15,640.0,664.0
WFP-000466,20250301,5,5,"Phoenix, AZ",2.57,2.47,0.1,0.0,-0.1,395.2,411.2
WFP-000467,20250301,5,5,"Charlotte, NC",8.45,7.0,1.45,1.0,-1.45,1120.0,1352.0
WFP-000468,20250301,5,5,"Remote, US",1.04,1.0,0.04,0.0,-0.04,160.0,166.4
WFP-000469,20250301,6,6,"Atlanta, GA",3.2,3.0,0.2,0.0,-0.2,480.0,512.0
WFP-000470,20250301,6,6,"Phoenix, AZ",0.0,0.0,0.0,0.0,0.0,0.0,0.0
WFP-000471,20250301,6,6,"Charlotte, NC",1.07,1.0,0.07,0.0,-0.07,160.0,171.2
WFP-000472,20250301,6,6,"Remote, US",8.43,6.39,2.04,2.0,-2.04,1022.4,1348.8
WFP-000473,20250301,7,7,"Atlanta, GA",1.02,1.0,0.02,0.0,-0.02,160.0,163.2
WFP-000474,20250301,7,7,"Phoenix, AZ",0.0,0.0,0.0,0.0,0.0,0.0,0.0
WFP-000475,20250301,7,7,"Charlotte, NC",1.02,1.0,0.02,1.0,-0.02,160.0,163.2
WFP-000476,20250301,7,7,"Remote, US",6.12,5.0,1.12,1.0,-1.12,800.0,979.2
WFP-000477,20250301,8,8,"Atlanta, GA",3.76,2.5,1.26,0.0,-1.26,400.0,601.6
WFP-000478,20250301,8,8,"Phoenix, AZ",0.0,0.0,0.0,0.0,0.0,0.0,0.0
WFP-000479,20250301,8,8,"Charlotte, NC",1.07,1.0,0.07,0.0,-0.07,160.0,171.2
WFP-000480,20250301,8,8,"Remote, US",2.15,2.0,0.15,1.0,-0.15,320.0,344.0
WFP-000481,20250401,1,1,"Atlanta, GA",5.37,5.0,0.37,2.0,-0.37,800.0,859.2
WFP-000482,20250401,1,1,"Phoenix, AZ",3.22,3.0,0.22,0.0,-0.22,480.0,515.2
WFP-000483,20250401,1,1,"Charlotte, NC",10.06,6.0,4.06,1.0,-4.06,960.0,1609.6
WFP-000484,20250401,1,1,"Remote, US",7.76,7.23,0.53,3.0,-0.53,1156.8,1241.6
WFP-000485,20250401,2,2,"Atlanta, GA",2.12,2.0,0.12,0.0,-0.12,320.0,339.2
WFP-000486,20250401,2,2,"Phoenix, AZ",1.06,1.0,0.06,0.0,-0.06,160.0,169.6
WFP-000487,20250401,2,2,"Charlotte, NC",1.8,1.7,0.1,1.0,-0.1,272.0,288.0
WFP-000488,20250401,2,2,"Remote, US",7.72,6.0,1.72,0.0,-1.72,960.0,1235.2
WFP-000489,20250401,3,3,"Atlanta, GA",1.99,2.0,0.0,0.0,0.01,320.0,318.4
WFP-000490,20250401,3,3,"Phoenix, AZ",5.98,6.0,0.0,1.0,0.02,960.0,956.8
WFP-000491,20250401,3,3,"Charlotte, NC",9.97,9.0,0.97,1.0,-0.97,1440.0,1595.2
WFP-000492,20250401,3,3,"Remote, US",1.0,1.0,0.0,0.0,0.0,160.0,160.0
WFP-000493,20250401,4,4,"Atlanta, GA",2.77,2.7,0.07,0.0,-0.07,432.0,443.2
WFP-000494,20250401,4,4,"Phoenix, AZ",12.24,10.9,1.34,1.0,-1.34,1744.0,1958.4
WFP-000495,20250401,4,4,"Charlotte, NC",6.15,6.0,0.15,1.0,-0.15,960.0,984.0
WFP-000496,20250401,4,4,"Remote, US",1.03,1.0,0.03,0.0,-0.03,160.0,164.8
WFP-000497,20250401,5,5,"Atlanta, GA",4.13,4.0,0.13,2.0,-0.13,640.0,660.8
WFP-000498,20250401,5,5,"Phoenix, AZ",2.79,2.7,0.09,0.0,-0.09,432.0,446.4
WFP-000499,20250401,5,5,"Charlotte, NC",8.27,7.0,1.27,1.0,-1.27,1120.0,1323.2
WFP-000500,20250401,5,5,"Remote, US",1.03,1.0,0.03,0.0,-0.03,160.0,164.8
WFP-000501,20250401,6,6,"Atlanta, GA",3.16,3.0,0.16,0.0,-0.16,480.0,505.6
WFP-000502,20250401,6,6,"Phoenix, AZ",0.0,0.0,0.0,0.0,0.0,0.0,0.0
WFP-000503,20250401,6,6,"Charlotte, NC",1.06,1.0,0.06,0.0,-0.06,160.0,169.6
WFP-000504,20250401,6,6,"Remote, US",8.47,6.8,1.67,2.0,-1.67,1088.0,1355.2
WFP-000505,20250401,7,7,"Atlanta, GA",1.01,1.0,0.01,0.0,-0.01,160.0,161.6
WFP-000506,20250401,7,7,"Phoenix, AZ",0.0,0.0,0.0,0.0,0.0,0.0,0.0
WFP-000507,20250401,7,7,"Charlotte, NC",1.01,1.0,0.01,1.0,-0.01,160.0,161.6
WFP-000508,20250401,7,7,"Remote, US",6.07,5.0,1.07,1.0,-1.07,800.0,971.2
WFP-000509,20250401,8,8,"Atlanta, GA",3.92,2.9,1.02,0.0,-1.02,464.0,627.2
WFP-000510,20250401,8,8,"Phoenix, AZ",0.0,0.0,0.0,0.0,0.0,0.0,0.0
WFP-000511,20250401,8,8,"Charlotte, NC",1.0,1.0,0.0,0.0,0.0,160.0,160.0
WFP-000512,20250401,8,8,"Remote, US",2.01,2.0,0.01,1.0,-0.01,320.0,321.6
WFP-000513,20250501,1,1,"Atlanta, GA",5.88,5.65,0.23,2.0,-0.23,904.0,940.8
WFP-000514,20250501,1,1,"Phoenix, AZ",3.12,3.0,0.12,0.0,-0.12,480.0,499.2
WFP-000515,20250501,1,1,"Charlotte, NC",9.3,6.97,2.33,1.0,-2.33,1115.2,1488.0
WFP-000516,20250501,1,1,"Remote, US",8.33,8.0,0.33,3.0,-0.33,1280.0,1332.8
WFP-000517,20250501,2,2,"Atlanta, GA",2.14,2.0,0.14,0.0,-0.14,320.0,342.4
WFP-000518,20250501,2,2,"Phoenix, AZ",1.07,1.0,0.07,0.0,-0.07,160.0,171.2
WFP-000519,20250501,2,2,"Charlotte, NC",1.61,1.5,0.11,1.0,-0.11,240.0,257.6
WFP-000520,20250501,2,2,"Remote, US",8.08,5.93,2.15,0.0,-2.15,948.8,1292.8
WFP-000521,20250501,3,3,"Atlanta, GA",1.99,2.0,0.0,0.0,0.01,320.0,318.4
WFP-000522,20250501,3,3,"Phoenix, AZ",5.96,6.0,0.0,1.0,0.04,960.0,953.6
WFP-000523,20250501,3,3,"Charlotte, NC",9.93,9.0,0.93,1.0,-0.93,1440.0,1588.8
WFP-000524,20250501,3,3,"Remote, US",0.99,1.0,0.0,0.0,0.01,160.0,158.4
WFP-000525,20250501,4,4,"Atlanta, GA",3.24,3.23,0.01,0.0,-0.01,516.8,518.4
WFP-000526,20250501,4,4,"Phoenix, AZ",12.04,11.0,1.04,1.0,-1.04,1760.0,1926.4
WFP-000527,20250501,4,4,"Charlotte, NC",6.02,6.0,0.02,1.0,-0.02,960.0,963.2
WFP-000528,20250501,4,4,"Remote, US",1.01,1.0,0.01,0.0,-0.01,160.0,161.6
WFP-000529,20250501,5,5,"Atlanta, GA",4.07,4.0,0.07,2.0,-0.07,640.0,651.2
WFP-000530,20250501,5,5,"Phoenix, AZ",3.06,3.0,0.06,0.0,-0.06,480.0,489.6
WFP-000531,20250501,5,5,"Charlotte, NC",8.15,7.0,1.15,1.0,-1.15,1120.0,1304.0
WFP-000532,20250501,5,5,"Remote, US",1.02,1.0,0.02,0.0,-0.02,160.0,163.2
WFP-000533,20250501,6,6,"Atlanta, GA",3.14,3.0,0.14,0.0,-0.14,480.0,502.4
WFP-000534,20250501,6,6,"Phoenix, AZ",0.0,0.0,0.0,0.0,0.0,0.0,0.0
WFP-000535,20250501,6,6,"Charlotte, NC",1.05,1.0,0.05,0.0,-0.05,160.0,168.0
WFP-000536,20250501,6,6,"Remote, US",8.41,7.0,1.41,2.0,-1.41,1120.0,1345.6
WFP-000537,20250501,7,7,"Atlanta, GA",1.02,1.0,0.02,0.0,-0.02,160.0,163.2
WFP-000538,20250501,7,7,"Phoenix, AZ",0.0,0.0,0.0,0.0,0.0,0.0,0.0
WFP-000539,20250501,7,7,"Charlotte, NC",1.02,1.0,0.02,1.0,-0.02,160.0,163.2
WFP-000540,20250501,7,7,"Remote, US",6.11,5.0,1.11,1.0,-1.11,800.0,977.6
WFP-000541,20250501,8,8,"Atlanta, GA",3.95,3.0,0.95,0.0,-0.95,480.0,632.0
WFP-000542,20250501,8,8,"Phoenix, AZ",0.0,0.0,0.0,0.0,0.0,0.0,0.0
WFP-000543,20250501,8,8,"Charlotte, NC",0.99,1.0,0.0,0.0,0.01,160.0,158.4
WFP-000544,20250501,8,8,"Remote, US",1.98,2.0,0.0,1.0,0.02,320.0,316.8
WFP-000545,20250601,1,1,"Atlanta, GA",6.18,6.0,0.18,2.0,-0.18,960.0,988.8
WFP-000546,20250601,1,1,"Phoenix, AZ",2.57,2.5,0.07,0.0,-0.07,400.0,411.2
WFP-000547,20250601,1,1,"Charlotte, NC",8.64,7.0,1.64,1.0,-1.64,1120.0,1382.4
WFP-000548,20250601,1,1,"Remote, US",9.09,8.83,0.26,3.0,-0.26,1412.8,1454.4
WFP-000549,20250601,2,2,"Atlanta, GA",1.99,2.0,0.0,0.0,0.01,320.0,318.4
WFP-000550,20250601,2,2,"Phoenix, AZ",1.0,1.0,0.0,0.0,0.0,160.0,160.0
WFP-000551,20250601,2,2,"Charlotte, NC",1.99,2.0,0.0,1.0,0.01,320.0,318.4
WFP-000552,20250601,2,2,"Remote, US",7.97,7.0,0.97,0.0,-0.97,1120.0,1275.2
WFP-000553,20250601,3,3,"Atlanta, GA",1.98,2.0,0.0,0.0,0.02,320.0,316.8
WFP-000554,20250601,3,3,"Phoenix, AZ",5.93,6.0,0.0,1.0,0.07,960.0,948.8
WFP-000555,20250601,3,3,"Charlotte, NC",9.78,8.9,0.88,1.0,-0.88,1424.0,1564.8
WFP-000556,20250601,3,3,"Remote, US",0.99,1.0,0.0,0.0,0.01,160.0,158.4
WFP-000557,20250601,4,4,"Atlanta, GA",3.88,4.0,0.0,0.0,0.12,640.0,620.8
WFP-000558,20250601,4,4,"Phoenix, AZ",11.63,11.0,0.63,1.0,-0.63,1760.0,1860.8
WFP-000559,20250601,4,4,"Charlotte, NC",5.82,6.0,0.0,1.0,0.18,960.0,931.2
WFP-000560,20250601,4,4,"Remote, US",0.97,1.0,0.0,0.0,0.03,160.0,155.2
WFP-000561,20250601,5,5,"Atlanta, GA",4.08,4.0,0.08,2.0,-0.08,640.0,652.8
WFP-000562,20250601,5,5,"Phoenix, AZ",3.06,3.0,0.06,0.0,-0.06,480.0,489.6
WFP-000563,20250601,5,5,"Charlotte, NC",8.17,7.0,1.17,1.0,-1.17,1120.0,1307.2
WFP-000564,20250601,5,5,"Remote, US",1.02,1.0,0.02,0.0,-0.02,160.0,163.2
WFP-000565,20250601,6,6,"Atlanta, GA",3.14,3.0,0.14,0.0,-0.14,480.0,502.4
WFP-000566,20250601,6,6,"Phoenix, AZ",0.0,0.0,0.0,0.0,0.0,0.0,0.0
WFP-000567,20250601,6,6,"Charlotte, NC",1.05,1.0,0.05,0.0,-0.05,160.0,168.0
WFP-000568,20250601,6,6,"Remote, US",8.41,7.0,1.41,2.0,-1.41,1120.0,1345.6
WFP-000569,20250601,7,7,"Atlanta, GA",1.02,1.0,0.02,0.0,-0.02,160.0,163.2
WFP-000570,20250601,7,7,"Phoenix, AZ",0.0,0.0,0.0,0.0,0.0,0.0,0.0
WFP-000571,20250601,7,7,"Charlotte, NC",1.01,1.0,0.01,1.0,-0.01,160.0,161.6
WFP-000572,20250601,7,7,"Remote, US",6.19,5.1,1.09,1.0,-1.09,816.0,990.4
WFP-000573,20250601,8,8,"Atlanta, GA",3.91,3.0,0.91,0.0,-0.91,480.0,625.6
WFP-000574,20250601,8,8,"Phoenix, AZ",0.0,0.0,0.0,0.0,0.0,0.0,0.0
WFP-000575,20250601,8,8,"Charlotte, NC",0.98,1.0,0.0,0.0,0.02,160.0,156.8
WFP-000576,20250601,8,8,"Remote, US",1.96,2.0,0.0,1.0,0.04,320.0,313.6
WFP-000577,20250701,1,1,"Atlanta, GA",6.37,6.0,0.37,2.0,-0.37,960.0,1019.2
WFP-000578,20250701,1,1,"Phoenix, AZ",3.19,3.0,0.19,0.0,-0.19,480.0,510.4
WFP-000579,20250701,1,1,"Charlotte, NC",10.88,7.0,3.88,1.0,-3.88,1120.0,1740.8
WFP-000580,20250701,1,1,"Remote, US",9.56,9.0,0.56,3.0,-0.56,1440.0,1529.6
WFP-000581,20250701,2,2,"Atlanta, GA",2.11,2.0,0.11,0.0,-0.11,320.0,337.6
WFP-000582,20250701,2,2,"Phoenix, AZ",1.05,1.0,0.05,0.0,-0.05,160.0,168.0
WFP-000583,20250701,2,2,"Charlotte, NC",2.1,2.0,0.1,1.0,-0.1,320.0,336.0
WFP-000584,20250701,2,2,"Remote, US",8.74,7.0,1.74,0.0,-1.74,1120.0,1398.4
WFP-000585,20250701,3,3,"Atlanta, GA",1.79,2.0,0.0,0.0,0.21,320.0,286.4
WFP-000586,20250701,3,3,"Phoenix, AZ",5.37,6.0,0.0,1.0,0.63,960.0,859.2
WFP-000587,20250701,3,3,"Charlotte, NC",8.95,9.0,0.0,1.0,0.05,1440.0,1432.0
WFP-000588,20250701,3,3,"Remote, US",0.89,1.0,0.0,0.0,0.11,160.0,142.4
WFP-000589,20250701,4,4,"Atlanta, GA",3.3,4.0,0.0,0.0,0.7,640.0,528.0
WFP-000590,20250701,4,4,"Phoenix, AZ",9.91,11.0,0.0,1.0,1.09,1760.0,1585.6
WFP-000591,20250701,4,4,"Charlotte, NC",4.96,6.0,0.0,1.0,1.04,960.0,793.6
WFP-000592,20250701,4,4,"Remote, US",0.83,1.0,0.0,0.0,0.17,160.0,132.8
WFP-000593,20250701,5,5,"Atlanta, GA",4.07,4.0,0.07,2.0,-0.07,640.0,651.2
WFP-000594,20250701,5,5,"Phoenix, AZ",3.05,3.0,0.05,0.0,-0.05,480.0,488.0
WFP-000595,20250701,5,5,"Charlotte, NC",8.15,7.0,1.15,1.0,-1.15,1120.0,1304.0
WFP-000596,20250701,5,5,"Remote, US",1.02,1.0,0.02,0.0,-0.02,160.0,163.2
WFP-000597,20250701,6,6,"Atlanta, GA",3.14,3.0,0.14,0.0,-0.14,480.0,502.4
WFP-000598,20250701,6,6,"Phoenix, AZ",0.0,0.0,0.0,0.0,0.0,0.0,0.0
WFP-000599,20250701,6,6,"Charlotte, NC",1.05,1.0,0.05,0.0,-0.05,160.0,168.0
WFP-000600,20250701,6,6,"Remote, US",8.43,7.0,1.43,2.0,-1.43,1120.0,1348.8
WFP-000601,20250701,7,7,"Atlanta, GA",0.93,1.0,0.0,0.0,0.07,160.0,148.8
WFP-000602,20250701,7,7,"Phoenix, AZ",0.0,0.0,0.0,0.0,0.0,0.0,0.0
WFP-000603,20250701,7,7,"Charlotte, NC",0.93,1.0,0.0,1.0,0.07,160.0,148.8
WFP-000604,20250701,7,7,"Remote, US",6.49,6.0,0.49,1.0,-0.49,960.0,1038.4
WFP-000605,20250701,8,8,"Atlanta, GA",3.97,3.0,0.97,0.0,-0.97,480.0,635.2
WFP-000606,20250701,8,8,"Phoenix, AZ",0.0,0.0,0.0,0.0,0.0,0.0,0.0
WFP-000607,20250701,8,8,"Charlotte, NC",0.99,1.0,0.0,0.0,0.01,160.0,158.4
WFP-000608,20250701,8,8,"Remote, US",1.98,2.0,0.0,1.0,0.02,320.0,316.8
WFP-000609,20250801,1,1,"Atlanta, GA",6.37,6.0,0.37,2.0,-0.37,960.0,1019.2
WFP-000610,20250801,1,1,"Phoenix, AZ",3.19,3.0,0.19,0.0,-0.19,480.0,510.4
WFP-000611,20250801,1,1,"Charlotte, NC",10.88,7.0,3.88,1.0,-3.88,1120.0,1740.8
WFP-000612,20250801,1,1,"Remote, US",9.56,9.0,0.56,3.0,-0.56,1440.0,1529.6
WFP-000613,20250801,2,2,"Atlanta, GA",2.11,2.0,0.11,0.0,-0.11,320.0,337.6
WFP-000614,20250801,2,2,"Phoenix, AZ",1.05,1.0,0.05,0.0,-0.05,160.0,168.0
WFP-000615,20250801,2,2,"Charlotte, NC",2.1,2.0,0.1,1.0,-0.1,320.0,336.0
WFP-000616,20250801,2,2,"Remote, US",8.74,7.0,1.74,0.0,-1.74,1120.0,1398.4
WFP-000617,20250801,3,3,"Atlanta, GA",1.79,2.0,0.0,0.0,0.21,320.0,286.4
WFP-000618,20250801,3,3,"Phoenix, AZ",5.37,6.0,0.0,1.0,0.63,960.0,859.2
WFP-000619,20250801,3,3,"Charlotte, NC",8.95,9.0,0.0,1.0,0.05,1440.0,1432.0
WFP-000620,20250801,3,3,"Remote, US",0.89,1.0,0.0,0.0,0.11,160.0,142.4
WFP-000621,20250801,4,4,"Atlanta, GA",3.3,4.0,0.0,0.0,0.7,640.0,528.0
WFP-000622,20250801,4,4,"Phoenix, AZ",9.91,11.0,0.0,1.0,1.09,1760.0,1585.6
WFP-000623,20250801,4,4,"Charlotte, NC",4.96,6.0,0.0,1.0,1.04,960.0,793.6
WFP-000624,20250801,4,4,"Remote, US",0.83,1.0,0.0,0.0,0.17,160.0,132.8
WFP-000625,20250801,5,5,"Atlanta, GA",4.07,4.0,0.07,2.0,-0.07,640.0,651.2
WFP-000626,20250801,5,5,"Phoenix, AZ",3.06,3.0,0.06,0.0,-0.06,480.0,489.6
WFP-000627,20250801,5,5,"Charlotte, NC",8.15,7.0,1.15,1.0,-1.15,1120.0,1304.0
WFP-000628,20250801,5,5,"Remote, US",1.02,1.0,0.02,0.0,-0.02,160.0,163.2
WFP-000629,20250801,6,6,"Atlanta, GA",3.14,3.0,0.14,0.0,-0.14,480.0,502.4
WFP-000630,20250801,6,6,"Phoenix, AZ",0.0,0.0,0.0,0.0,0.0,0.0,0.0
WFP-000631,20250801,6,6,"Charlotte, NC",1.05,1.0,0.05,0.0,-0.05,160.0,168.0
WFP-000632,20250801,6,6,"Remote, US",8.43,7.0,1.43,2.0,-1.43,1120.0,1348.8
WFP-000633,20250801,7,7,"Atlanta, GA",0.94,1.0,0.0,0.0,0.06,160.0,150.4
WFP-000634,20250801,7,7,"Phoenix, AZ",0.0,0.0,0.0,0.0,0.0,0.0,0.0
WFP-000635,20250801,7,7,"Charlotte, NC",0.94,1.0,0.0,1.0,0.06,160.0,150.4
WFP-000636,20250801,7,7,"Remote, US",6.6,6.0,0.6,1.0,-0.6,960.0,1056.0
WFP-000637,20250801,8,8,"Atlanta, GA",3.99,3.0,0.99,0.0,-0.99,480.0,638.4
WFP-000638,20250801,8,8,"Phoenix, AZ",0.0,0.0,0.0,0.0,0.0,0.0,0.0
WFP-000639,20250801,8,8,"Charlotte, NC",1.0,1.0,0.0,0.0,0.0,160.0,160.0
WFP-000640,20250801,8,8,"Remote, US",2.0,2.0,0.0,1.0,0.0,320.0,320.0
WFP-000641,20250901,1,1,"Atlanta, GA",6.37,6.0,0.37,2.0,-0.37,960.0,1019.2
WFP-000642,20250901,1,1,"Phoenix, AZ",3.19,3.0,0.19,0.0,-0.19,480.0,510.4
WFP-000643,20250901,1,1,"Charlotte, NC",10.88,7.0,3.88,1.0,-3.88,1120.0,1740.8
WFP-000644,20250901,1,1,"Remote, US",9.56,9.0,0.56,3.0,-0.56,1440.0,1529.6
WFP-000645,20250901,2,2,"Atlanta, GA",2.11,2.0,0.11,0.0,-0.11,320.0,337.6
WFP-000646,20250901,2,2,"Phoenix, AZ",1.05,1.0,0.05,0.0,-0.05,160.0,168.0
WFP-000647,20250901,2,2,"Charlotte, NC",2.1,2.0,0.1,1.0,-0.1,320.0,336.0
WFP-000648,20250901,2,2,"Remote, US",8.74,7.0,1.74,0.0,-1.74,1120.0,1398.4
WFP-000649,20250901,3,3,"Atlanta, GA",1.79,2.0,0.0,0.0,0.21,320.0,286.4
WFP-000650,20250901,3,3,"Phoenix, AZ",5.37,6.0,0.0,1.0,0.63,960.0,859.2
WFP-000651,20250901,3,3,"Charlotte, NC",8.95,9.0,0.0,1.0,0.05,1440.0,1432.0
WFP-000652,20250901,3,3,"Remote, US",0.89,1.0,0.0,0.0,0.11,160.0,142.4
WFP-000653,20250901,4,4,"Atlanta, GA",3.3,4.0,0.0,0.0,0.7,640.0,528.0
WFP-000654,20250901,4,4,"Phoenix, AZ",9.91,11.0,0.0,1.0,1.09,1760.0,1585.6
WFP-000655,20250901,4,4,"Charlotte, NC",4.96,6.0,0.0,1.0,1.04,960.0,793.6
WFP-000656,20250901,4,4,"Remote, US",0.83,1.0,0.0,0.0,0.17,160.0,132.8
WFP-000657,20250901,5,5,"Atlanta, GA",4.14,4.0,0.14,2.0,-0.14,640.0,662.4
WFP-000658,20250901,5,5,"Phoenix, AZ",3.1,3.0,0.1,0.0,-0.1,480.0,496.0
WFP-000659,20250901,5,5,"Charlotte, NC",8.31,7.0,1.31,1.0,-1.31,1120.0,1329.6
WFP-000660,20250901,5,5,"Remote, US",1.04,1.0,0.04,0.0,-0.04,160.0,166.4
WFP-000661,20250901,6,6,"Atlanta, GA",3.15,3.0,0.15,0.0,-0.15,480.0,504.0
WFP-000662,20250901,6,6,"Phoenix, AZ",0.0,0.0,0.0,0.0,0.0,0.0,0.0
WFP-000663,20250901,6,6,"Charlotte, NC",1.05,1.0,0.05,0.0,-0.05,160.0,168.0
WFP-000664,20250901,6,6,"Remote, US",8.54,7.0,1.54,2.0,-1.54,1120.0,1366.4
WFP-000665,20250901,7,7,"Atlanta, GA",0.95,1.0,0.0,0.0,0.05,160.0,152.0
WFP-000666,20250901,7,7,"Phoenix, AZ",0.0,0.0,0.0,0.0,0.0,0.0,0.0
WFP-000667,20250901,7,7,"Charlotte, NC",0.95,1.0,0.0,1.0,0.05,160.0,152.0
WFP-000668,20250901,7,7,"Remote, US",6.66,6.0,0.66,1.0,-0.66,960.0,1065.6
WFP-000669,20250901,8,8,"Atlanta, GA",4.06,3.0,1.06,0.0,-1.06,480.0,649.6
WFP-000670,20250901,8,8,"Phoenix, AZ",0.0,0.0,0.0,0.0,0.0,0.0,0.0
WFP-000671,20250901,8,8,"Charlotte, NC",1.01,1.0,0.01,0.0,-0.01,160.0,161.6
WFP-000672,20250901,8,8,"Remote, US",2.03,2.0,0.03,1.0,-0.03,320.0,324.8
WFP-000673,20251001,1,1,"Atlanta, GA",6.37,6.0,0.37,2.0,-0.37,960.0,1019.2
WFP-000674,20251001,1,1,"Phoenix, AZ",3.19,3.0,0.19,0.0,-0.19,480.0,510.4
WFP-000675,20251001,1,1,"Charlotte, NC",10.88,7.0,3.88,1.0,-3.88,1120.0,1740.8
WFP-000676,20251001,1,1,"Remote, US",9.56,9.0,0.56,3.0,-0.56,1440.0,1529.6
WFP-000677,20251001,2,2,"Atlanta, GA",2.11,2.0,0.11,0.0,-0.11,320.0,337.6
WFP-000678,20251001,2,2,"Phoenix, AZ",1.05,1.0,0.05,0.0,-0.05,160.0,168.0
WFP-000679,20251001,2,2,"Charlotte, NC",2.1,2.0,0.1,1.0,-0.1,320.0,336.0
WFP-000680,20251001,2,2,"Remote, US",8.74,7.0,1.74,0.0,-1.74,1120.0,1398.4
WFP-000681,20251001,3,3,"Atlanta, GA",1.79,2.0,0.0,0.0,0.21,320.0,286.4
WFP-000682,20251001,3,3,"Phoenix, AZ",5.37,6.0,0.0,1.0,0.63,960.0,859.2
WFP-000683,20251001,3,3,"Charlotte, NC",8.95,9.0,0.0,1.0,0.05,1440.0,1432.0
WFP-000684,20251001,3,3,"Remote, US",0.89,1.0,0.0,0.0,0.11,160.0,142.4
WFP-000685,20251001,4,4,"Atlanta, GA",3.3,4.0,0.0,0.0,0.7,640.0,528.0
WFP-000686,20251001,4,4,"Phoenix, AZ",9.91,11.0,0.0,1.0,1.09,1760.0,1585.6
WFP-000687,20251001,4,4,"Charlotte, NC",4.96,6.0,0.0,1.0,1.04,960.0,793.6
WFP-000688,20251001,4,4,"Remote, US",0.83,1.0,0.0,0.0,0.17,160.0,132.8
WFP-000689,20251001,5,5,"Atlanta, GA",4.15,4.0,0.15,2.0,-0.15,640.0,664.0
WFP-000690,20251001,5,5,"Phoenix, AZ",3.11,3.0,0.11,0.0,-0.11,480.0,497.6
WFP-000691,20251001,5,5,"Charlotte, NC",8.42,7.0,1.42,1.0,-1.42,1120.0,1347.2
WFP-000692,20251001,5,5,"Remote, US",1.04,1.0,0.04,0.0,-0.04,160.0,166.4
WFP-000693,20251001,6,6,"Atlanta, GA",3.16,3.0,0.16,0.0,-0.16,480.0,505.6
WFP-000694,20251001,6,6,"Phoenix, AZ",0.0,0.0,0.0,0.0,0.0,0.0,0.0
WFP-000695,20251001,6,6,"Charlotte, NC",1.06,1.0,0.06,0.0,-0.06,160.0,169.6
WFP-000696,20251001,6,6,"Remote, US",8.7,7.0,1.7,2.0,-1.7,1120.0,1392.0
WFP-000697,20251001,7,7,"Atlanta, GA",0.97,1.0,0.0,0.0,0.03,160.0,155.2
WFP-000698,20251001,7,7,"Phoenix, AZ",0.0,0.0,0.0,0.0,0.0,0.0,0.0
WFP-000699,20251001,7,7,"Charlotte, NC",0.96,1.0,0.0,1.0,0.04,160.0,153.6
WFP-000700,20251001,7,7,"Remote, US",6.74,6.0,0.74,1.0,-0.74,960.0,1078.4
WFP-000701,20251001,8,8,"Atlanta, GA",4.08,3.0,1.08,0.0,-1.08,480.0,652.8
WFP-000702,20251001,8,8,"Phoenix, AZ",0.0,0.0,0.0,0.0,0.0,0.0,0.0
WFP-000703,20251001,8,8,"Charlotte, NC",1.02,1.0,0.02,0.0,-0.02,160.0,163.2
WFP-000704,20251001,8,8,"Remote, US",2.04,2.0,0.04,1.0,-0.04,320.0,326.4
WFP-000705,20251101,1,1,"Atlanta, GA",6.37,6.0,0.37,2.0,-0.37,960.0,1019.2
WFP-000706,20251101,1,1,"Phoenix, AZ",3.19,3.0,0.19,0.0,-0.19,480.0,510.4
WFP-000707,20251101,1,1,"Charlotte, NC",10.88,7.0,3.88,1.0,-3.88,1120.0,1740.8
WFP-000708,20251101,1,1,"Remote, US",9.56,9.0,0.56,3.0,-0.56,1440.0,1529.6
WFP-000709,20251101,2,2,"Atlanta, GA",2.11,2.0,0.11,0.0,-0.11,320.0,337.6
WFP-000710,20251101,2,2,"Phoenix, AZ",1.05,1.0,0.05,0.0,-0.05,160.0,168.0
WFP-000711,20251101,2,2,"Charlotte, NC",2.1,2.0,0.1,1.0,-0.1,320.0,336.0
WFP-000712,20251101,2,2,"Remote, US",8.74,7.0,1.74,0.0,-1.74,1120.0,1398.4
WFP-000713,20251101,3,3,"Atlanta, GA",1.79,2.0,0.0,0.0,0.21,320.0,286.4
WFP-000714,20251101,3,3,"Phoenix, AZ",5.37,6.0,0.0,1.0,0.63,960.0,859.2
WFP-000715,20251101,3,3,"Charlotte, NC",8.95,9.0,0.0,1.0,0.05,1440.0,1432.0
WFP-000716,20251101,3,3,"Remote, US",0.89,1.0,0.0,0.0,0.11,160.0,142.4
WFP-000717,20251101,4,4,"Atlanta, GA",3.3,4.0,0.0,0.0,0.7,640.0,528.0
WFP-000718,20251101,4,4,"Phoenix, AZ",9.91,11.0,0.0,1.0,1.09,1760.0,1585.6
WFP-000719,20251101,4,4,"Charlotte, NC",4.96,6.0,0.0,1.0,1.04,960.0,793.6
WFP-000720,20251101,4,4,"Remote, US",0.83,1.0,0.0,0.0,0.17,160.0,132.8
WFP-000721,20251101,5,5,"Atlanta, GA",4.17,4.0,0.17,2.0,-0.17,640.0,667.2
WFP-000722,20251101,5,5,"Phoenix, AZ",3.12,3.0,0.12,0.0,-0.12,480.0,499.2
WFP-000723,20251101,5,5,"Charlotte, NC",8.59,7.0,1.59,1.0,-1.59,1120.0,1374.4
WFP-000724,20251101,5,5,"Remote, US",1.04,1.0,0.04,0.0,-0.04,160.0,166.4
WFP-000725,20251101,6,6,"Atlanta, GA",3.17,3.0,0.17,0.0,-0.17,480.0,507.2
WFP-000726,20251101,6,6,"Phoenix, AZ",0.0,0.0,0.0,0.0,0.0,0.0,0.0
WFP-000727,20251101,6,6,"Charlotte, NC",1.05,1.0,0.05,0.0,-0.05,160.0,168.0
WFP-000728,20251101,6,6,"Remote, US",8.71,7.0,1.71,2.0,-1.71,1120.0,1393.6
WFP-000729,20251101,7,7,"Atlanta, GA",0.96,1.0,0.0,0.0,0.04,160.0,153.6
WFP-000730,20251101,7,7,"Phoenix, AZ",0.0,0.0,0.0,0.0,0.0,0.0,0.0
WFP-000731,20251101,7,7,"Charlotte, NC",0.96,1.0,0.0,1.0,0.04,160.0,153.6
WFP-000732,20251101,7,7,"Remote, US",6.7,6.0,0.7,1.0,-0.7,960.0,1072.0
WFP-000733,20251101,8,8,"Atlanta, GA",4.14,3.0,1.14,0.0,-1.14,480.0,662.4
WFP-000734,20251101,8,8,"Phoenix, AZ",0.0,0.0,0.0,0.0,0.0,0.0,0.0
WFP-000735,20251101,8,8,"Charlotte, NC",1.04,1.0,0.04,0.0,-0.04,160.0,166.4
WFP-000736,20251101,8,8,"Remote, US",2.07,2.0,0.07,1.0,-0.07,320.0,331.2
WFP-000737,20251201,1,1,"Atlanta, GA",6.37,6.0,0.37,2.0,-0.37,960.0,1019.2
WFP-000738,20251201,1,1,"Phoenix, AZ",3.19,3.0,0.19,0.0,-0.19,480.0,510.4
WFP-000739,20251201,1,1,"Charlotte, NC",10.88,7.0,3.88,1.0,-3.88,1120.0,1740.8
WFP-000740,20251201,1,1,"Remote, US",9.56,9.0,0.56,3.0,-0.56,1440.0,1529.6
WFP-000741,20251201,2,2,"Atlanta, GA",2.11,2.0,0.11,0.0,-0.11,320.0,337.6
WFP-000742,20251201,2,2,"Phoenix, AZ",1.05,1.0,0.05,0.0,-0.05,160.0,168.0
WFP-000743,20251201,2,2,"Charlotte, NC",2.1,2.0,0.1,1.0,-0.1,320.0,336.0
WFP-000744,20251201,2,2,"Remote, US",8.74,7.0,1.74,0.0,-1.74,1120.0,1398.4
WFP-000745,20251201,3,3,"Atlanta, GA",1.79,2.0,0.0,0.0,0.21,320.0,286.4
WFP-000746,20251201,3,3,"Phoenix, AZ",5.37,6.0,0.0,1.0,0.63,960.0,859.2
WFP-000747,20251201,3,3,"Charlotte, NC",8.95,9.0,0.0,1.0,0.05,1440.0,1432.0
WFP-000748,20251201,3,3,"Remote, US",0.89,1.0,0.0,0.0,0.11,160.0,142.4
WFP-000749,20251201,4,4,"Atlanta, GA",3.3,4.0,0.0,0.0,0.7,640.0,528.0
WFP-000750,20251201,4,4,"Phoenix, AZ",9.91,11.0,0.0,1.0,1.09,1760.0,1585.6
WFP-000751,20251201,4,4,"Charlotte, NC",4.96,6.0,0.0,1.0,1.04,960.0,793.6
WFP-000752,20251201,4,4,"Remote, US",0.83,1.0,0.0,0.0,0.17,160.0,132.8
WFP-000753,20251201,5,5,"Atlanta, GA",4.16,4.0,0.16,2.0,-0.16,640.0,665.6
WFP-000754,20251201,5,5,"Phoenix, AZ",3.12,3.0,0.12,0.0,-0.12,480.0,499.2
WFP-000755,20251201,5,5,"Charlotte, NC",8.57,7.0,1.57,1.0,-1.57,1120.0,1371.2
WFP-000756,20251201,5,5,"Remote, US",1.04,1.0,0.04,0.0,-0.04,160.0,166.4
WFP-000757,20251201,6,6,"Atlanta, GA",3.17,3.0,0.17,0.0,-0.17,480.0,507.2
WFP-000758,20251201,6,6,"Phoenix, AZ",0.0,0.0,0.0,0.0,0.0,0.0,0.0
WFP-000759,20251201,6,6,"Charlotte, NC",1.06,1.0,0.06,0.0,-0.06,160.0,169.6
WFP-000760,20251201,6,6,"Remote, US",8.83,7.0,1.83,2.0,-1.83,1120.0,1412.8
WFP-000761,20251201,7,7,"Atlanta, GA",0.94,1.0,0.0,0.0,0.06,160.0,150.4
WFP-000762,20251201,7,7,"Phoenix, AZ",0.0,0.0,0.0,0.0,0.0,0.0,0.0
WFP-000763,20251201,7,7,"Charlotte, NC",0.94,1.0,0.0,1.0,0.06,160.0,150.4
WFP-000764,20251201,7,7,"Remote, US",6.59,6.0,0.59,1.0,-0.59,960.0,1054.4
WFP-000765,20251201,8,8,"Atlanta, GA",4.19,3.0,1.19,0.0,-1.19,480.0,670.4
WFP-000766,20251201,8,8,"Phoenix, AZ",0.0,0.0,0.0,0.0,0.0,0.0,0.0
WFP-000767,20251201,8,8,"Charlotte, NC",1.05,1.0,0.05,0.0,-0.05,160.0,168.0
WFP-000768,20251201,8,8,"Remote, US",2.09,2.0,0.09,1.0,-0.09,320.0,334.4
